Company Name,Industry group,ISIN code,NSE symbol,Date,Total income from continuing operations,Net sales,Total expenses,Interest expenses,Depreciation,Total tax provision,Net Profit/(Loss) for the period from continuing operations (after tax),Reported Profit after tax,PBT,PBDT,PBDIT,PBIT net of P&E,Earnings per share before extraordinary item,Closing Price,Date.1,Closing Price.1,Shares Outstanding,Market Capitalisation,EPS,P/E,Number of Transactions,Enterprise value,Industry P/E,Beta,industry_score
3M India Ltd.,"Plastic furniture, floorings & miscellaneous items",INE470A01017,3MINDIA,31-12-2022,943.41,932.22,818.55,0.56,13.88,38.46,112.77,112.77,151.23,165.11,165.67,151.79,100.11,34830.95,,23145.65,11265070,26073.736745,346.895314,66.722291,267,24891.636745,52.52,0.815759,-0.21696835575475118
A B B India Ltd.,"Generators, transformers & switchgears",INE117A01022,ABB,31-12-2022,2496.92,2426.91,2178.04,7.24,26.82,94.32,305.91,305.32,399.45,426.27,433.51,407.47,14.41,5175.8,,2826.55,211908375,59896.961736,29.890749,94.562703,1956,56780.971736,78.35,0.768015,-0.19481232573431395
A C C Ltd.,Cement,INE012A01025,ACC,31-12-2022,4577.66,4536.97,4348.65,18.83,171.56,39.04,110.45,110.45,149.49,321.05,339.88,247.42,5.88,1752.65,,1969.35,187787263,36981.884639,37.249065,52.869783,8437,30181.494639,48.83,0.976876,-0.2010629948632316
A D F Foods Ltd.,Processed foods,INE982B01027,ADFFOODS,31-12-2022,102.34,99.77,79.48,0.16,1.44,7.48,19.22,19.22,26.7,28.14,28.3,26.86,1.75,209.45,,763.05,21972719,1676.628323,23.524626,32.436222,372,1585.448323,67.56,1.414542,-0.13872794997574678
A G I Greenpac Ltd.,Glass & glassware,INE415A01038,AGI,31-12-2022,570.4,567.3,529.48,13.13,30.25,16.04,53.23,53.09,69.08,99.33,112.46,82.4,8.21,721.85,,326.05,64697381,2109.458108,24.643965,13.23042,1510,3226.098108,33.34,1.149549,-0.21582624876912887
A I A Engineering Ltd.,Castings & forgings,INE212H01026,AIAENG,31-12-2022,1178.83,997.11,781.2,5.21,23.95,89.69,355.13,355.13,444.82,468.77,473.98,450.03,37.65,3801.6,,2747.75,94320370,25916.879667,95.092926,28.89542,2817,24164.489667,31.58,0.613337,-0.2665632139865167
A P L Apollo Tubes Ltd.,Steel pipes & tubes,INE702C01027,APLAPOLLO,31-12-2022,3770.8,3761.18,3641.96,14.02,24.11,47.19,133.18,133.18,180.37,204.48,218.5,194.39,5.32,1820.65,,1147.15,277330814,31814.004328,22.73999,50.446372,1432,31865.704328,31.67,1.274783,-0.2615999515821926
A U Small Finance Bank Ltd.,Banking services,INE949L01017,AUBANK,31-12-2022,2412.96,2118.07,2020.13,965.34,13.67,130.24,392.83,392.83,523.07,523.07,1488.41,1488.41,5.9,985.15,,619.0,666604903,41262.843496,20.252026,30.564843,5624,41325.113496,18.44,1.36748,0.17737526706292647
A V T Natural Products Ltd.,Other agricultural products,INE488D01021,AVTNPL,31-12-2022,148.23,148.23,146.09,1.21,4.08,6.72,14.84,14.84,21.56,25.64,26.85,22.77,0.97,65.56,,98.15,152284000,1494.66746,5.046492,19.449154,320,1499.79746,20.22,1.511209,-0.2965763986089119
A W L Agri Business Ltd.,Vegetable oils & products,INE699H01024,AWL,31-12-2022,14789.9,14713.94,14057.58,237.25,80.57,103.43,277.07,277.07,380.5,461.07,698.32,617.99,2.13,244.6,,466.9,1299678605,60681.994067,5.605694,83.290318,7577,66644.854067,51.57,0.986907,-0.1258329722967099
Aarti Drugs Ltd.,Drugs & pharmaceuticals,INE767A01016,AARTIDRUGS,31-12-2022,626.5,625.53,566.12,9.12,11.87,12.25,36.71,36.71,48.96,60.83,69.95,58.08,3.96,381.9,,400.9,92600000,3712.334,16.483801,24.320846,1001,4229.474,39.53,1.053981,-0.19195911292555537
Aarti Industries Ltd.,Other chemical products,INE769A01020,AARTIIND,31-12-2022,1635.0,1635.0,1581.0,45.0,82.0,24.0,135.0,135.0,159.0,241.0,286.0,204.0,3.73,369.4,,539.05,362504035,19540.780007,-3.594443,30.7236545,3090,21954.650007,37.65,0.982292,-0.24540235502819857
Aarti Pharmalabs Ltd.,Drugs & pharmaceuticals,INE0LRU01027,AARTIPHARM,31-12-2022,359.37,359.33,330.1,5.12,14.56,11.25,38.54,38.54,49.79,64.35,69.47,58.04,4.25,747.25,,358.3,90626008,3247.129867,17.822698,20.103578,542,3574.319867,39.53,1.153431,-0.19195911292555537
Aavas Financiers Ltd.,Housing finance services,INE216P01012,AAVAS,31-12-2022,411.96,411.25,304.69,150.35,6.9,30.7,107.27,107.27,137.97,144.87,295.22,288.32,13.57,1459.55,,1809.5,79039378,14302.175449,53.007755,34.136514,1451,20796.725449,33.51,0.892812,-0.16633546810173813
Abans Financial Services Ltd.,Asset management services (mutual funds),INE00ZE01026,AFSL,31-12-2022,0.54,0.5,0.42,0.3,13.67,0.04,0.12,0.12,0.16,0.16,0.46,0.46,0.03,202.05,,243.35,50145950,1220.301693,0.067802,3589.122627,683,1229.581693,60.13,1.725103,-0.16490924722718592
Abbott India Ltd.,Drugs & pharmaceuticals,INE358A01014,ABBOTINDIA,31-12-2022,1366.42,1322.19,971.82,3.79,17.81,87.31,246.83,246.83,334.14,351.95,355.74,338.62,116.16,28039.3,,20842.4,21249302,44288.6452,437.12024,47.68116,175,41693.4952,39.53,0.40799,-0.19195911292555537
Accelya Solutions India Ltd.,Computer software,INE793A01012,ACCELYA,31-12-2022,100.76,98.8,77.46,0.55,8.15,7.59,23.3,23.3,30.89,39.04,39.59,31.44,15.61,1314.05,,1420.85,14926261,2120.797794,65.026332,21.850379,725,2106.847794,29.01,0.579041,-0.22129977102466347
Action Construction Equipment Ltd.,Mining & construction equipment,INE731H01025,ACE,31-12-2022,560.33,555.3,530.89,3.11,4.29,15.56,44.71,44.71,60.27,64.56,67.67,63.38,3.75,927.2,,332.95,119083196,3964.875011,12.132694,27.44238,2919,3848.285011,-52.26,1.927062,-0.23291766806118053
Acutaas Chemicals Ltd.,Drugs & pharmaceuticals,INE00FF01025,ACUTAAS,31-12-2022,155.38,152.36,176.02,1.19,3.06,7.28,22.28,22.28,29.56,32.62,33.81,30.75,6.12,1649.35,,892.95,36437062,3253.647451,21.258575,42.004227,110,3153.877451,39.53,0.833291,-0.19195911292555537
Adani Energy Solutions Ltd.,Diversified,INE931S01010,ADANIENSOL,31-12-2022,407.77,271.14,308.67,35.27,0.04,13.14,99.1,99.1,99.1,99.14,134.41,134.37,0.89,988.5,,1773.95,1115492683,197882.824501,1.077103,1646.964831,29854,206422.414501,116.56,1.398376,-0.18790891179554034
Adani Enterprises Ltd.,Wholesale trading,INE423A01024,ADANIENT,31-12-2022,12515.4,12142.15,10215.45,422.5,31.9,103.55,269.71,269.71,373.26,405.16,827.66,795.76,2.36,2239.05,,2975.0,1140001121,339150.333497,12.220251,243.448352,38147,343493.343497,116.56,1.883354,-0.23739051576619835
Adani Green Energy Ltd.,Wholesale trading,INE364U01010,ADANIGREEN,31-12-2022,1052.0,918.0,1665.0,257.0,3.0,-1.0,-127.0,-127.0,-128.0,-125.0,132.0,129.0,-0.9,1021.5,,1224.05,1584032478,193893.49547,-1.306791,30.7236545,46099,211062.49547,116.56,1.235574,-0.23739051576619835
Adani Ports & Special Economic Zone Ltd.,Shipping transport infrastructure services,INE742F01042,ADANIPORTS,31-12-2022,1817.25,1378.24,1805.85,1178.15,152.1,11.87,11.4,11.4,23.27,175.37,1353.52,1201.42,0.05,1496.0,,612.8,2160138945,132373.31455,-8.135356,30.7236545,28994,172618.19455,-95.73,1.203827,0.7050797938604265
Adani Power Ltd.,Conventional electricity,INE814H01029,ADANIPOWER,31-12-2022,8195.31,7635.49,7950.32,928.38,794.95,199.34,244.99,244.99,444.33,1239.28,2167.66,1372.71,3.42,141.7,,223.9,3856938941,86356.862889,26.22432,8.537876,9335,126518.972889,12.17,1.992288,-0.03716679162073462
Adani Total Gas Ltd.,Natural gas trading & distribution,INE399L01023,ATGL,31-12-2022,1113.76,1105.56,964.02,6.31,31.06,52.67,148.39,148.39,201.06,232.12,238.43,207.37,1.35,568.8,,2112.9,1099810083,232378.872437,4.514325,468.04341,2978,233342.712437,26.49,1.236776,0.12937326070838082
Aditya Birla Capital Ltd.,Other fund based financial services,INE674K01013,ABCAPITAL,31-12-2022,9.84,7.95,10.69,0.02,0.2,1.69,-0.85,-0.85,0.84,1.04,1.06,0.65,3.42,348.8,,141.05,2417197339,34094.568467,0.543357,259.590136,2448,34101.288467,33.67,1.576482,-0.23981065613779393
Aditya Birla Fashion & Retail Ltd.,Retail trading,INE647O01011,ABFRL,31-12-2022,3388.1,3358.86,3331.86,117.59,287.52,18.2,56.9,56.9,75.1,362.62,480.21,190.51,0.59,76.7,,256.6,948752198,24344.981401,5.096905,50.344276,1678,27522.411401,131.24,1.092099,-0.07458873961639617
Aditya Birla Real Estate Ltd.,Diversified,INE055A01016,ABREL,31-12-2022,1182.01,1168.2,1195.13,23.35,55.94,19.54,32.52,32.52,52.06,108.0,131.35,75.41,2.91,1739.65,,702.95,111695680,7851.647826,20.214748,34.774117,4945,8991.137826,15.79,1.576208,-0.18790891179554034
Aditya Birla Sun Life A M C Ltd.,Asset management services (mutual funds),INE404A01024,ABSLAMC,31-12-2022,357.63,308.74,192.63,0.93,8.37,56.4,165.0,165.0,221.4,229.77,230.7,222.33,5.73,760.95,,419.8,288000000,12090.24,21.365278,19.648703,689,12132.27,24.98,0.276696,-0.16490924722718592
Aditya Vision Ltd.,Retail trading,INE679V01027,AVL,31-12-2022,318.26,317.85,356.14,6.69,6.06,4.37,19.52,19.52,23.89,29.95,36.64,30.58,16.23,486.35,,1406.25,12028500,1691.507812,51.918361,27.085794,658,1944.487813,131.24,1.437227,-0.07458873961639617
Advanced Enzyme Technologies Ltd.,Other chemical products,INE837H01020,ADVENZYMES,31-12-2022,83.43,79.68,62.39,0.02,2.61,5.68,16.64,16.64,22.32,24.93,24.95,22.34,1.49,308.85,,280.55,111822075,3137.168314,4.552768,61.621849,1040,3104.098314,37.65,1.031594,-0.24540235502819857
Aegis Logistics Ltd.,Storage & distribution,INE208C01025,AEGISLOG,31-12-2022,901.98,876.59,754.64,3.09,4.31,21.68,86.71,86.71,108.39,112.7,115.79,111.48,2.47,735.85,,381.75,351000000,13399.425,21.437892,17.807255,3152,14064.715,19.79,0.974988,-0.14144513751477977
Aether Industries Ltd.,Organic chemicals,INE0BWX01014,AETHER,31-12-2022,170.53,167.13,164.64,0.44,6.4,8.83,35.04,35.04,43.87,50.27,50.71,44.31,2.81,837.85,,890.3,124510721,11085.189491,9.361443,95.102861,327,11343.399491,41.8,0.902227,-0.1787325857282407
Affle 3I Ltd.,Business services & consultancy,INE00WC01027,AFFLE,31-12-2022,144.15,137.27,122.67,0.01,2.01,7.25,21.48,21.48,28.73,30.74,30.75,28.74,1.61,1716.2,,1102.9,133251060,14696.259407,4.429984,248.962551,1197,14211.429407,60.13,1.428581,-0.22231802174705587
Ahluwalia Contracts (India) Ltd.,Industrial construction,INE758C01029,AHLUCONT,31-12-2022,750.09,743.25,705.09,7.03,11.09,15.17,45.0,45.0,60.17,71.26,78.29,67.2,6.72,975.35,,509.25,66987560,3411.341493,22.322055,22.81376,141,3012.971493,63.05,0.972871,-0.2658631511792221
Ajanta Pharma Ltd.,Drugs & pharmaceuticals,INE031B01049,AJANTPHARM,31-12-2022,905.4,874.89,827.59,39.67,32.29,30.99,123.96,123.96,154.95,187.24,226.91,194.62,9.67,2622.45,,1208.4,128125155,15482.64373,43.291265,27.913252,329,15250.02373,39.53,0.726874,-0.19195911292555537
Akzo Nobel India Ltd.,Paints & varnishes,INE133A01011,AKZOINDIA,31-12-2022,999.2,986.8,824.4,2.6,21.1,34.2,97.4,97.4,131.6,152.7,155.3,134.2,21.39,3145.8,,2246.25,45540314,10229.493032,59.591157,37.694351,155,9843.493032,65.91,0.600666,0.021625188158417272
Alembic Ltd.,Diversified,INE426A01027,ALEMBICLTD,31-12-2022,31.91,29.54,21.53,0.03,1.6,0.13,10.45,10.45,10.58,12.18,12.21,10.61,0.41,100.18,,68.75,256781828,1765.375067,2.956596,23.253096,394,-3008.164932,35.94,1.124228,-0.18790891179554034
Alembic Pharmaceuticals Ltd.,Drugs & pharmaceuticals,INE901L01018,APLLTD,31-12-2022,1310.79,1310.21,1175.34,14.65,65.85,25.18,119.13,119.13,144.31,210.16,224.81,158.96,6.06,858.7,,538.1,196563124,10577.061702,11.58203,46.459904,630,11263.211702,39.53,0.533247,-0.19195911292555537
Alicon Castalloy Ltd.,Aluminium & aluminium products,INE062D01024,ALICON,31-12-2022,331.7,331.02,325.11,7.96,15.59,1.88,14.43,14.43,16.31,31.9,39.86,24.27,8.95,833.7,,902.35,16111840,1453.851882,29.574524,30.511057,99,1687.781882,20.25,1.224541,-0.09103593093122561
Alivus Life Sciences Ltd.,Drugs & pharmaceuticals,INE03Q201024,ALIVUS,31-12-2022,547.34,540.73,446.84,0.16,10.76,36.15,104.99,104.99,141.14,151.9,152.06,141.3,8.57,900.25,,386.65,122527172,4737.513105,34.297698,11.273351,1149,4228.113105,39.53,1.394514,-0.19195911292555537
Alkem Laboratories Ltd.,Drugs & pharmaceuticals,INE540L01014,ALKEM,31-12-2022,2357.46,2296.72,2006.91,22.62,58.14,47.06,388.89,388.89,435.95,494.09,516.71,458.57,32.53,5561.5,,3009.75,119565000,35986.075875,78.641743,38.271659,463,36725.295875,39.53,0.44949,-0.19195911292555537
Alkyl Amines Chemicals Ltd.,Organic chemicals,INE150B01039,ALKYLAMINE,31-12-2022,392.87,388.4,355.46,0.74,10.65,16.94,45.7,45.7,62.64,73.29,74.03,63.38,8.94,1608.35,,2621.05,51100491,13393.694194,44.355738,59.091565,923,13354.414194,41.8,1.175701,-0.1787325857282407
Allcargo Gati Ltd. [Merged],Other fund based financial services,INE152B01027,ACLGATI,31-12-2022,64.11,63.0,64.33,0.08,0.1,13.14,-0.13,-0.13,-0.13,-0.03,0.05,-0.27,-0.01,66.08,,143.25,130130117,1864.113926,-0.391915,30.7236545,1297,1860.983926,131.24,1.085179,-0.23981065613779393
Allcargo Logistics Ltd.,Transport logistics services,INE418H01029,ALLCARGO,31-12-2022,531.76,523.21,492.73,5.34,4.09,-13.35,39.03,39.03,25.68,29.77,35.11,31.02,0.4,10.94,,419.05,245695524,10295.870933,7.204852,58.16219,1238,11021.290933,41.66,1.283408,-0.14794687699617792
Alok Industries Ltd.,Diversified cotton textile,INE270A01029,ALOKINDS,31-12-2022,1667.83,1664.99,1752.45,117.36,88.51,13.14,-241.43,-241.43,-241.43,-152.92,-35.56,-124.07,-0.49,16.03,,13.5,4965240401,6703.074541,-1.238389,30.7236545,1502,29675.834541,-13.35,1.308973,-0.12798722756809205
Amara Raja Energy & Mobility Ltd.,Storage batteries,INE885A01032,ARE&M,31-12-2022,2663.31,2637.24,2560.99,5.84,114.52,79.76,222.81,222.81,302.57,417.09,422.93,308.41,13.04,927.35,,567.25,170812500,9689.339062,37.934577,14.953376,1722,9737.359062,32.99,1.000231,-0.15468290320746192
Amber Enterprises India Ltd.,Air-conditioners & refrigerators,INE371P01015,AMBER,31-12-2022,921.55,912.29,1001.82,22.62,24.46,-1.57,-5.5,-5.5,-7.07,17.39,40.01,15.55,-1.63,6686.05,,1909.5,33693731,6433.817934,4.362829,437.674689,507,6560.797934,87.15,0.774152,-0.026038573553391477
Ambuja Cements Ltd.,Cement,INE079A01024,AMBUJACEM,31-12-2022,4204.37,4128.52,3672.21,25.25,164.83,94.71,368.99,368.99,463.7,628.53,653.78,550.3,1.86,539.7,,401.0,1985645229,79624.373683,9.890286,40.544832,28526,55549.253683,48.83,1.038038,-0.2010629948632316
Amrutanjan Health Care Ltd.,Drugs & pharmaceuticals,INE098F01031,AMRUTANJAN,31-12-2022,101.33,97.65,92.36,0.02,1.31,3.79,10.71,10.71,14.5,15.81,15.83,14.52,3.67,685.4,,720.5,29230630,2106.066892,12.979536,55.510461,87,2008.696892,39.53,1.094528,-0.19195911292555537
Anand Rathi Wealth Ltd.,Other fund based financial services,INE463V01026,ANANDRATHI,31-12-2022,134.59,132.99,91.69,1.13,3.08,15.01,42.9,42.9,57.91,60.99,62.12,59.04,10.3,3005.25,,832.6,41688247,3470.963445,38.178626,21.808014,462,3452.583445,33.67,0.771456,-0.23981065613779393
Anant Raj Ltd.,Housing construction,INE242C01024,ANANTRAJ,31-12-2022,205.85,191.71,173.74,4.39,3.68,11.75,32.11,32.11,43.86,47.54,51.93,48.25,0.99,551.2,,111.4,324096335,3610.433172,3.189792,34.923904,1330,4814.653172,83.37,1.486231,-0.2017080929626154
Andhra Paper Ltd.,Paper & newsprint,INE435A01051,ANDHRAPAP,31-12-2022,587.2,570.86,420.6,1.4,15.56,66.0,170.18,170.18,236.18,251.74,253.14,237.58,42.79,67.65,,452.4,39770039,1799.196564,104.100979,4.34578,3275,1807.316564,15.79,1.575364,-0.3489624638386909
Andhra Sugars Ltd.,Inorganic chemicals,INE715B01021,ANDHRSUGAR,31-12-2022,373.25,366.41,333.0,0.4,15.44,12.96,37.7,37.7,50.66,66.1,66.5,52.93,2.78,74.62,,130.45,135535390,1768.059163,16.073293,8.115947,218,1535.519163,7.56,1.086147,-0.17966830745747447
Andrew Yule & Co. Ltd.,Diversified manufacturing,INE449C01025,ANDREWYU,31-12-2022,128.71,119.98,100.22,2.76,1.44,5.65,4.68,4.63,10.23,11.67,14.43,13.09,0.09,22.97,,24.45,488950978,1195.485141,-1.91512,30.7236545,470,1251.785141,110.09,1.443374,-0.2730534186329821
Angel One Ltd.,Securities broking,INE732I01013,ANGELONE,31-12-2022,756.6,745.1,529.9,25.4,7.8,73.8,226.7,226.7,300.5,308.3,333.7,325.6,27.2,2517.35,,1228.5,83411746,10247.132996,98.193605,12.510998,4952,11068.312996,15.88,1.969744,-0.29710829834670943
Anupam Rasayan India Ltd.,Other chemical products,INE930P01018,ANURAS,31-12-2022,295.54,295.54,246.07,13.97,16.87,15.55,38.65,38.65,54.2,71.07,85.04,68.17,3.77,1334.45,,591.95,107399046,6357.486528,15.139799,39.098933,338,6835.416528,37.65,1.126776,-0.24540235502819857
Apar Industries Ltd.,Wires & cables,INE372A01015,APARINDS,31-12-2022,3631.97,3623.78,3491.53,89.49,22.98,54.33,157.86,157.86,212.19,235.17,324.66,303.51,41.25,8766.75,,1689.45,38268619,6465.291837,115.261541,14.657534,10667,6483.221837,29.86,0.774599,-0.19300179388073796
Apcotex Industries Ltd.,Synthetic rubber,INE116A01032,APCOTEXIND,31-12-2022,235.93,234.13,217.41,1.13,3.74,7.26,20.37,20.37,27.63,31.37,32.5,28.76,3.93,373.65,,417.2,51844960,2162.971731,22.056146,18.915363,810,2209.651731,18.91,1.028928,-0.30806208847895067
Apollo Hospitals Enterprise Ltd.,Health services,INE437A01024,APOLLOHOSP,31-12-2022,1694.05,1638.74,1448.46,60.21,88.86,77.53,245.59,245.59,323.12,411.98,472.19,383.33,17.08,7014.35,,4255.55,143784657,61188.27971,64.399083,66.08091,3628,63464.57971,69.86,0.586832,-0.1320225855676107
Apollo Pipes Ltd.,"Plastic furniture, floorings & miscellaneous items",INE126J01016,APOLLOPIPE,31-12-2022,236.7,236.68,254.51,2.07,7.42,1.75,4.86,4.86,6.61,14.03,16.1,8.68,1.24,306.65,,508.15,39328206,1998.462788,5.985526,84.896465,411,1995.382788,52.52,1.219803,-0.21696835575475118
Apollo Tyres Ltd.,Tyres & tubes,INE438A01022,APOLLOTYRE,31-12-2022,4256.52,4246.62,4083.37,122.57,226.87,84.54,124.25,124.25,208.79,435.66,558.23,331.36,1.96,507.35,,321.3,635100946,20405.793395,5.361195,59.930669,2382,24367.443395,47.38,1.663396,-0.16493441179989252
Aptech Ltd.,Education,INE266F01018,APTECHT,31-12-2022,65.03,62.41,55.43,6.715,0.9,3.71,9.45,9.45,13.16,14.06,14.06,13.16,1.63,94.95,,352.75,41397201,1460.286265,8.821852,39.985933,1558,1422.846265,-41.22,1.394514,-0.2576983555306801
Aptus Value Housing Finance India Ltd.,Housing finance services,INE852O01025,APTUS,31-12-2022,252.75,245.08,146.38,68.71,1.74,36.0,106.37,106.37,142.37,144.11,212.82,211.08,2.14,283.4,,277.7,497992751,13829.258695,8.221405,33.777682,782,15750.378695,33.51,1.669547,-0.16633546810173813
Archean Chemical Inds. Ltd.,Minerals,INE128X01021,ACI,31-12-2022,372.58,364.92,289.77,19.42,16.78,33.17,98.28,98.28,131.45,148.23,167.65,150.87,8.77,511.75,,650.5,123052989,8004.596934,23.759683,27.378312,1866,8856.196934,35.94,0.831544,-0.19527960896831384
Arman Financial Services Ltd.,Other fund based financial services,INE109C01017,ARMANFIN,31-12-2022,24.68,23.69,17.99,9.39,0.03,2.06,6.69,6.69,8.75,8.78,18.17,17.94,7.88,1481.4,,1530.85,8492334,1300.04895,33.088666,46.265087,57,1446.27895,33.67,1.186713,-0.23981065613779393
Arvind Fashions Ltd.,Retail trading,INE955V01021,ARVINDFASN,31-12-2022,184.55,181.22,183.57,4.44,4.22,0.06,1.34,1.34,1.4,5.62,10.06,5.84,0.1,512.95,,319.8,132811166,4247.301089,0.745419,429.020312,2603,4336.871089,131.24,1.442886,-0.07458873961639617
Arvind Ltd.,Cloth,INE034A01011,ARVIND,31-12-2022,1864.56,1846.3,1737.71,40.2,51.86,3.43,81.33,81.33,84.76,136.62,176.82,130.95,3.12,319.85,,84.6,260897474,2207.19263,11.153807,7.584854,1384,3948.63263,18.37,1.666917,-0.32408738057560427
Arvind Smartspaces Ltd.,Housing construction,INE034S01021,ARVSMART,31-12-2022,39.85,29.33,24.95,1.95,0.29,2.15,10.99,10.99,13.14,13.43,15.38,15.09,2.43,600.8,,295.4,45311979,1338.51586,9.119001,32.393898,555,1200.37586,83.37,1.209554,-0.2017080929626154
Asahi India Glass Ltd.,Glass & glassware,INE439A01020,ASAHIINDIA,31-12-2022,991.56,987.02,949.26,26.04,38.04,48.08,85.66,85.66,133.74,171.78,197.82,159.78,3.52,1006.4,,510.1,243089931,12400.01738,17.270152,29.536509,2024,13498.52738,33.34,1.244434,-0.21582624876912887
Ashiana Housing Ltd.,Housing construction,INE365D01021,ASHIANA,31-12-2022,118.83,111.91,150.61,0.79,1.97,2.82,8.34,8.34,11.16,13.13,13.92,11.95,0.83,295.2,,142.55,102352099,1459.029171,3.007266,47.401857,62,1531.689171,83.37,0.991119,-0.2017080929626154
Ashok Leyland Ltd.,Commercial vehicles,INE208A01029,ASHOKLEY,31-12-2022,9069.71,9029.67,9318.38,80.4,188.95,205.18,361.34,361.34,566.52,755.47,835.87,638.47,1.23,173.7,,149.9,2936127276,44012.547867,5.812997,25.787041,4048,46019.467867,121.56,1.694874,0.05533662095510988
Ashoka Buildcon Ltd.,Infrastructural construction,INE442H01029,ASHOKA,31-12-2022,1589.95,1559.06,1523.23,38.71,19.86,22.18,66.72,66.72,88.9,108.76,147.47,127.61,2.38,172.65,,82.95,280723217,2328.599085,5.387157,15.397732,1183,2842.469085,-7779.86,1.723809,-0.2879215797575277
Asian Paints Ltd.,Paints & varnishes,INE021A01026,ASIANPAINT,31-12-2022,7683.89,7521.82,6133.53,24.74,189.11,357.1,1085.88,1085.88,1442.98,1632.09,1656.83,1467.72,11.32,2798.9,,2726.6,959197790,261534.869421,39.699216,68.681458,16304,258149.279421,65.91,0.664277,0.021625188158417272
Asian Star Co. Ltd.,Gems & jewellery,INE194D01017,,31-12-2022,712.09,712.09,695.29,5.66,2.68,4.89,11.61,11.61,16.5,19.18,24.84,22.16,7.25,632.45,,736.7,16006800,1179.220956,36.322063,20.282438,42,1727.450956,72.03,0.136457,-0.24549709367323447
Astec Lifesciences Ltd.,Other chemical products,INE563J01010,ASTEC,31-12-2022,122.55,117.18,163.02,5.88,8.81,1.97,0.83,0.83,2.8,11.61,17.49,7.09,0.42,718.5,,1378.95,19605660,2703.522486,35.545858,38.79355,1940,2982.572486,37.65,0.688858,-0.24540235502819857
Aster D M Healthcare Ltd.,Other fund based financial services,INE914M01019,ASTERDM,31-12-2022,409.33,398.64,379.0,14.18,25.71,0.0,34.58,34.58,34.58,60.29,74.47,55.62,0.7,598.55,,212.9,499513060,10634.633047,3.77848,56.345412,355,11510.113047,69.86,0.938039,-0.23981065613779393
Astra Microwave Products Ltd.,Other electronics,INE386C01029,ASTRAMICRO,31-12-2022,220.43,218.87,191.44,7.84,5.93,10.29,30.27,30.27,40.56,46.49,54.33,48.6,3.5,908.3,,271.3,86611675,2349.774743,9.281659,29.22969,1442,2329.834743,48.08,1.39947,-0.11779069539848289
Astral Ltd.,"Plastic tubes, pipes, fittings & sheets",INE006I01046,ASTRAL,31-12-2022,1144.7,1141.4,1023.4,7.7,34.9,35.1,101.4,101.4,136.5,171.4,179.1,144.2,3.77,1423.75,,2053.6,201458679,41371.554319,20.65436,99.426951,4758,40952.654319,90.01,0.768491,-0.09096151730246531
Astrazeneca Pharma India Ltd.,Wholesale trading,INE203A01020,ASTRAZEN,31-12-2022,257.01,249.81,237.39,0.2,4.13,10.16,29.3,29.3,39.46,43.59,43.79,39.66,11.72,9062.25,,3355.35,25000000,8388.375,42.872,78.264368,248,7948.545,116.56,0.529204,-0.23739051576619835
Atul Ltd.,Other chemical products,INE100A01010,ATUL,31-12-2022,1239.39,1194.47,1089.44,0.42,41.31,46.08,136.87,136.87,182.95,224.26,224.68,183.37,46.36,6004.45,,7129.25,29513755,21041.093783,204.965447,34.782692,801,20333.383783,37.65,0.698797,-0.24540235502819857
Aurobindo Pharma Ltd.,Drugs & pharmaceuticals,INE406A01037,AUROPHARMA,31-12-2022,3510.99,3432.26,3336.03,38.96,108.5,105.67,298.82,298.82,404.49,512.99,551.95,443.45,5.1,1224.75,,408.3,585938609,23923.873405,25.032315,16.310916,4011,25767.973405,39.53,1.046022,-0.19195911292555537
Authum Investment & Infrastructure Ltd.,Other fund based financial services,INE206F01022,AIIL,31-12-2022,93.4,92.59,30.11,11.17,0.33,12.88,63.29,63.29,76.17,76.5,87.67,87.34,3.73,2904.05,,190.7,169845100,3238.946057,30.544891,6.24327,407,3568.076057,33.67,0.427261,-0.23981065613779393
Automotive Axles Ltd.,Other automobile ancillaries,INE449A01011,AUTOAXLES,31-12-2022,657.13,655.78,609.72,0.81,10.37,17.26,50.68,50.68,67.94,78.31,79.12,68.75,33.54,1863.1,,2545.35,15111975,3846.526557,99.2855,25.636674,2313,3789.466557,38.68,1.556079,-0.25847999501499275
Avanti Feeds Ltd.,Vegetable oils & products,INE871C01038,AVANTIFEED,31-12-2022,877.86,857.61,809.3,0.17,5.72,18.45,51.82,51.82,70.27,75.99,76.16,70.44,3.8,853.9,,385.65,136245630,5254.312721,16.520163,23.344201,744,4387.022721,51.57,1.360587,-0.1258329722967099
Avenue Supermarts Ltd.,Retail trading,INE192R01011,DMART,31-12-2022,11345.09,11304.58,10130.36,12.03,141.75,220.11,641.07,641.07,861.18,1002.93,1014.96,873.21,9.9,3820.3,,3504.3,647774691,226999.684967,36.925185,94.902708,2509,226097.174967,131.24,0.984474,-0.07458873961639617
Axis Bank Ltd.,Banking services,INE238A01034,AXISBANK,31-12-2022,26891.87,22226.43,21038.8,10767.11,13.67,1986.69,5853.07,5853.07,7839.76,7839.76,18606.87,18606.87,19.04,1230.55,,871.65,3075672100,268090.958596,55.2793,15.768109,3841,342237.688596,18.44,1.53831,0.17737526706292647
Axiscades Technologies Ltd.,Business services & consultancy,INE555B01013,AXISCADES,31-12-2022,130.3,75.8,99.01,10.81,2.61,2.38,31.29,31.29,33.67,36.28,47.09,13.25,8.22,1309.4,,316.3,38199310,1208.244175,6.062937,52.169438,235,1252.454175,60.13,1.655835,-0.22231802174705587
Axita Cotton Ltd.,Wholesale trading,INE02EZ01022,AXITA,31-12-2022,131.39,130.45,128.4,0.12,0.32,1.51,4.7,4.7,6.21,6.53,6.65,6.33,0.24,12.89,,61.15,196560000,1201.9644,0.903541,67.678176,2193,1198.4144,116.56,0.21276,-0.23739051576619835
B A S F India Ltd.,Diversified,INE373A01013,BASF,31-12-2022,2910.08,2898.1,2711.77,2.75,45.86,4.84,10.64,10.64,15.48,61.34,64.09,20.81,2.5,3899.65,,2436.2,43285640,10545.247617,103.42691,23.554798,3045,10540.547617,35.94,0.712635,-0.18790891179554034
B E M L Ltd.,Mining & construction equipment,INE258A01024,BEML,31-12-2022,1041.95,1036.97,851.15,12.04,15.89,13.14,66.54,66.54,66.54,82.43,94.47,78.58,15.98,1720.15,,1539.4,41644500,6410.75433,-11.759056,30.7236545,1665,7214.18433,-52.26,1.687609,-0.23291766806118053
B F Invst. Ltd.,Other fund based financial services,INE878K01010,BFINVEST,31-12-2022,8.9,7.86,2.67,6.715,0.15,1.7,6.23,6.23,7.93,8.08,8.08,6.89,1.66,411.25,,319.25,37667628,1202.539024,15.381908,20.754902,234,1062.859024,33.67,1.482659,-0.23981065613779393
B F Utilities Ltd.,Renewable electricity,INE243D01012,BFUTILITIE,31-12-2022,10.3,2.96,4.38,6.715,0.18,0.78,5.92,5.92,6.7,6.88,6.88,6.7,1.57,637.0,,367.65,37667628,1384.850343,1.72031,213.711473,868,1375.120343,-41.34,2.127302,0.24396994071594968
B L S International Services Ltd.,Business services & consultancy,INE153T01027,BLS,31-12-2022,30.27,21.98,22.67,0.03,0.57,2.36,7.6,7.6,9.96,10.53,10.56,9.99,0.19,325.55,,182.95,410820000,7515.9519,1.041819,175.606353,4166,7464.9219,60.13,1.721643,-0.22231802174705587
Bajaj Auto Ltd.,Two & three wheelers,INE917I01010,BAJAJ-AUTO,31-12-2022,9584.26,9315.14,7847.9,8.48,73.95,472.08,1491.42,1491.42,1963.5,2037.45,2045.93,1971.98,52.7,9002.65,,3818.8,282957358,108055.755873,199.536426,19.13836,1673,106475.165873,25.13,0.865651,0.5446855727983667
Bajaj Consumer Care Ltd.,Personal & home care products,INE933K01021,BAJAJCON,31-12-2022,238.76,228.39,202.38,0.27,2.12,7.13,33.7,33.7,40.83,42.95,43.22,41.1,2.29,253.6,,170.25,145608071,2478.977409,9.423928,18.065715,195,1857.377409,60.31,0.841607,0.16766831650016678
Bajaj Electricals Ltd.,Wholesale trading,INE193E01025,BAJAJELEC,31-12-2022,1502.53,1483.13,1482.22,16.7,17.8,21.91,63.48,63.48,85.39,103.19,119.89,102.09,5.52,479.8,,1074.3,115032219,12357.911287,11.446358,93.855178,889,12317.761287,116.56,1.36395,-0.23739051576619835
Bajaj Finance Ltd.,Other asset financing services,INE296A01032,BAJFINANCE,31-12-2022,9214.69,9213.54,6590.47,2455.18,108.31,916.06,2624.22,2624.22,3540.28,3648.59,6103.77,5995.46,43.43,1008.0,,5885.6,605429233,356331.429374,147.205644,39.982163,10214,473131.999374,27.82,1.53931,0.024683058054876778
Bajaj Finserv Ltd.,Other fund based financial services,INE918I01026,BAJAJFINSV,31-12-2022,49.84,32.84,44.91,6.715,0.8,1.2,4.93,4.93,6.13,6.93,6.93,6.13,0.0,2043.9,,1343.15,1592815460,213939.00851,4.440376,302.485626,10213,213916.95851,33.67,1.362356,-0.23981065613779393
Bajaj Healthcare Ltd.,Drugs & pharmaceuticals,INE411U01027,BAJAJHCARE,31-12-2022,141.96,141.89,136.6,6.74,6.92,3.99,11.05,11.05,15.04,21.96,28.7,21.78,4.01,418.5,,404.8,27598400,1117.183232,19.341701,20.928873,617,1371.943232,39.53,0.505751,-0.19195911292555537
Bajaj Hindusthan Sugar Ltd.,Sugar,INE306A01021,BAJAJHIND,31-12-2022,1425.75,1422.78,2316.95,94.97,53.74,13.14,-58.56,-58.56,-58.56,-4.82,90.15,36.41,-0.47,18.46,,14.95,1277359942,1909.653113,-1.311768,30.7236545,2839,6733.283113,42.95,1.432365,-0.26522110760151973
Bajaj Holdings & Invst. Ltd.,Other fund based financial services,INE118A01012,BAJAJHLDNG,31-12-2022,106.93,90.54,57.69,0.69,7.96,16.33,49.24,49.24,65.57,73.53,74.22,66.26,4.4,11133.85,,5875.9,111293510,65394.953541,156.11063,37.639333,873,65480.453541,33.67,0.976107,-0.23981065613779393
Balaji Amines Ltd.,Organic chemicals,INE050E01027,BALAMINES,31-12-2022,415.65,413.49,406.49,0.59,8.58,12.68,36.41,36.41,49.09,57.67,58.26,49.76,11.24,1115.8,,2387.25,32401000,7734.928725,83.411006,28.620324,2876,7686.798725,41.8,1.883597,-0.1787325857282407
Balkrishna Industries Ltd.,Tyres & tubes,INE787D01026,BALKRISIND,31-12-2022,2185.43,2142.32,2057.32,101.19,144.92,42.22,99.62,99.62,141.84,286.76,387.95,243.03,5.15,2365.25,,2219.3,193317190,42902.883977,61.606006,36.024085,1020,44042.793977,47.38,1.237073,-0.16493441179989252
Balmer Lawrie & Co. Ltd.,Diversified manufacturing,INE164A01016,BALMLAWRIE,31-12-2022,514.55,511.12,491.29,2.96,11.58,9.77,27.38,27.38,37.15,48.73,51.69,40.11,1.6,174.35,,120.15,171003846,2054.61121,7.783451,15.436598,399,1667.07121,34.93,1.002715,-0.2730534186329821
Balrampur Chini Mills Ltd.,Sugar,INE119A01028,BALRAMCHIN,31-12-2022,1001.23,981.16,1187.88,5.89,32.76,16.67,44.41,44.41,61.08,93.84,99.73,66.97,2.18,437.55,,377.7,203936477,7702.680736,12.595098,29.987856,1299,8910.170736,42.95,1.101777,-0.26522110760151973
Banco Products (India) Ltd.,Other automobile ancillaries,INE213C01025,BANCOINDIA,31-12-2022,245.02,237.01,210.29,0.08,5.39,11.01,33.02,33.02,44.03,49.42,49.5,44.11,4.62,704.75,,200.5,71518650,1433.948932,30.661932,6.539053,701,1352.508932,38.68,1.027163,-0.25847999501499275
Bandhan Bank Ltd.,Banking services,INE545U01014,BANDHANBNK,31-12-2022,4840.95,3807.64,4550.38,1727.21,13.67,90.11,290.57,290.57,380.68,380.68,2107.89,2107.89,1.81,150.1,,244.25,1610834202,39344.625384,26.634336,9.170493,1910,49944.505384,18.44,1.688325,0.17737526706292647
Bank Of Baroda,Banking services,INE028A01039,BANKBARODA,31-12-2022,27092.09,23540.14,23239.35,12721.83,13.67,1975.52,3852.74,3852.74,5828.26,5828.26,18550.09,18550.09,7.45,291.95,,167.9,5171362179,86827.170985,17.227666,9.745952,11025,68071.470985,18.44,1.518346,0.17737526706292647
Bank Of India,Banking services,INE084A01016,BANKINDIA,31-12-2022,14159.6,12727.75,13008.59,7132.72,13.67,621.94,1151.01,1151.01,1772.95,1772.95,8905.67,8905.67,2.8,143.2,,83.15,4103566070,34121.151872,2.512619,33.092954,8843,-30676.128128,18.44,1.614283,0.17737526706292647
Bank Of Maharashtra,Banking services,INE457A01014,MAHABANK,31-12-2022,4769.78,4129.04,3994.75,2149.42,13.67,223.36,775.03,775.03,998.39,998.39,3147.81,3147.81,1.15,57.33,,30.4,6730496447,20460.709199,2.914258,10.431473,5462,8291.479199,18.44,1.050151,0.17737526706292647
Bannari Amman Sugars Ltd.,Sugar,INE459A01010,BANARISUG,31-12-2022,933.93,932.36,714.27,12.92,18.79,26.83,40.85,40.85,67.68,86.47,99.39,80.6,32.58,3600.3,,2759.0,12539700,3459.70323,69.714586,39.575649,10,4415.68323,42.95,1.01858,-0.26522110760151973
Bata India Ltd.,Retail trading,INE176A01028,BATAINDIA,31-12-2022,907.72,900.21,659.77,28.58,75.38,26.53,83.11,83.11,109.64,185.02,213.6,138.22,6.47,948.3,,1529.0,128527540,19651.860866,26.567847,57.550768,1246,19780.930866,131.24,0.96742,-0.07458873961639617
Bayer Cropscience Ltd.,Pesticides,INE462A01022,BAYERCROP,31-12-2022,1153.8,1037.9,901.7,3.4,14.3,49.1,134.5,134.5,183.6,197.9,201.3,86.3,29.93,4310.35,,4458.95,44942092,20039.454112,144.919823,30.768393,318,19529.054112,30.43,0.794172,-0.2787880162986381
Bengal & Assam Co. Ltd.,Other fund based financial services,INE083K01017,,31-12-2022,4.06,2.17,5.96,3.74,0.17,0.57,-1.9,-1.9,-1.33,-1.16,2.58,2.41,-1.68,6883.65,,4195.9,11296328,4739.826266,66.455223,63.138754,60,4999.386266,33.67,1.014304,-0.23981065613779393
Berger Paints India Ltd.,Paints & varnishes,INE463A01038,BERGEPAINT,31-12-2022,2458.42,2418.91,2049.31,25.59,56.85,61.27,207.1,207.1,268.37,325.22,350.81,293.96,1.78,537.8,,549.2,971399436,53349.257025,8.446474,65.021215,3527,53938.637025,65.91,0.854301,0.021625188158417272
Best Agrolife Ltd.,Wholesale trading,INE052T01013,BESTAGRO,31-12-2022,238.9,237.55,217.1,6.1,1.33,6.66,9.2,9.2,15.86,17.19,23.29,21.96,3.89,383.1,,1191.6,23644740,2817.507218,42.656422,27.934833,1345,2914.257218,116.56,0.072325,-0.23739051576619835
Bhagiradha Chemicals & Inds. Ltd.,Pesticides,INE414D01027,BHAGCHEM,31-12-2022,126.62,126.0,126.66,0.84,2.45,4.84,12.09,12.09,16.93,19.38,20.22,17.77,11.6,229.35,,1284.0,10405483,1336.064017,45.658621,28.121743,175,1413.584017,30.43,0.586213,-0.2787880162986381
Bhansali Engineering Polymers Ltd.,Polymers,INE922A01025,BEPL,31-12-2022,345.95,338.97,294.25,0.13,2.51,12.4,33.32,33.32,45.72,48.23,48.36,45.85,1.34,86.42,,107.25,165905640,1779.337989,11.726545,9.145916,1101,1570.677989,18.93,1.414919,-0.2527023583107275
Bharat Bijlee Ltd.,"Generators, transformers & switchgears",INE464A01036,BBL,31-12-2022,395.12,388.03,372.97,5.84,3.3,7.48,23.09,23.09,30.57,33.87,39.71,36.41,40.85,2722.7,,2572.6,5651560,1453.920326,118.197453,21.765274,615,1058.300326,78.35,1.269535,-0.19481232573431395
Bharat Dynamics Ltd.,Communication equipment,INE171Z01026,BDL,31-12-2022,498.01,461.55,426.23,0.83,18.61,22.18,83.74,83.74,105.92,124.53,125.36,106.75,4.57,1372.1,,945.9,183281250,17336.573437,26.326206,35.929977,2642,15477.883437,32.45,1.091682,-0.14405235238570346
Bharat Electronics Ltd.,Communication equipment,INE263A01024,BEL,31-12-2022,4188.48,4131.01,3604.03,9.73,100.8,201.66,598.77,598.77,800.43,901.23,910.96,810.16,0.82,392.75,,94.95,7309778829,69406.349981,3.651793,26.000925,17934,61958.179981,32.45,1.038228,-0.14405235238570346
Bharat Forge Ltd.,Other automobile ancillaries,INE465A01025,BHARATFORG,31-12-2022,2035.66,1952.1,1732.17,84.85,107.91,95.17,289.18,289.18,384.35,492.26,577.11,464.92,6.21,1439.7,,875.2,465588632,40748.317073,24.008748,36.45338,2098,44096.667073,38.68,1.494542,-0.25847999501499275
Bharat Heavy Electricals Ltd.,Boilers & turbines,INE257A01026,BHEL,31-12-2022,5362.27,5263.38,5303.51,139.25,62.47,10.43,31.0,31.0,41.43,103.9,243.15,180.68,0.09,276.2,,78.5,3482063355,27334.197337,-8.560413,30.7236545,6873,25208.157337,-21.11,1.49409,-0.12183226043480944
Bharat Petroleum Corpn. Ltd.,Refinery,INE029A01011,BPCL,31-12-2022,119649.23,119158.1,114697.74,977.97,1582.01,205.46,1959.58,1959.58,2165.04,3747.05,4725.02,3103.81,9.2,365.95,,343.25,2169252744,74459.600438,-7.447081,30.7236545,4448,100669.480438,47.49,1.108752,0.19851265422955744
Bharat Rasayan Ltd.,Pesticides,INE838B01021,BHARATRAS,31-12-2022,315.25,309.29,323.92,1.55,6.57,12.73,36.57,36.57,49.3,55.87,57.42,51.14,88.01,2298.9,,9285.45,4155268,3858.353325,388.230073,23.91739,22,4031.523325,30.43,1.215769,-0.2787880162986381
Bharti Airtel Ltd.,Telecommunication services,INE397D01024,BHARTIARTL,31-12-2022,21945.1,21606.1,25167.4,3529.2,6661.1,341.8,-3222.3,-3222.3,-2880.5,3780.6,7309.8,4925.1,-5.69,2096.3,,770.25,5965901604,459523.571048,1.396939,551.384175,3569,563277.171048,-19.34,0.803844,-0.01775097677186995
Bikaji Foods Intl. Ltd.,Processed foods,INE00E101023,BIKAJI,31-12-2022,514.96,502.59,472.16,2.06,12.12,11.09,37.74,37.74,48.83,60.95,63.01,50.89,1.51,749.4,,392.25,249509880,9787.025043,4.753319,82.52129,4563,9796.545043,67.56,1.750964,-0.13872794997574678
Biocon Ltd.,Drugs & pharmaceuticals,INE376G01013,BIOCON,31-12-2022,614.9,555.0,602.1,21.4,29.1,11.3,35.2,35.2,46.5,75.6,97.0,67.9,0.29,398.35,,235.1,1200600000,28226.106,1.461769,160.832513,2730,10464.606,39.53,0.676114,-0.19195911292555537
Birla Corporation Ltd.,Cement,INE340A01012,BIRLACORPN,31-12-2022,1292.9,1284.55,1388.57,29.77,43.82,2.58,7.02,7.02,9.6,53.42,83.19,39.37,0.91,1059.05,,906.6,77005347,6981.304759,3.980243,227.775033,1062,7668.774759,48.83,1.311086,-0.2010629948632316
Birlanu Ltd.,Other construction materials,INE557A01011,BIRLANU,31-12-2022,479.65,475.45,487.45,2.04,15.18,8.28,22.77,22.77,31.05,46.23,48.27,33.09,30.26,1512.1,,2495.55,7535339,1880.481524,160.271489,15.570767,358,1928.381524,43.29,1.623334,-0.22983335779461173
Birlasoft Ltd.,Computer software,INE836A01035,BSOFT,31-12-2022,633.09,616.97,585.86,2.65,19.5,16.76,47.23,47.23,63.99,83.49,86.14,66.64,1.72,433.45,,301.8,273420473,8251.829875,9.160616,32.945382,3178,7500.639875,29.01,1.371322,-0.22129977102466347
Black Box Ltd.,Wholesale trading,INE676A01027,BBOX,31-12-2022,106.77,105.77,102.6,1.52,1.62,13.14,10.41,10.41,10.41,12.03,13.55,11.93,0.62,514.6,,126.6,167904610,2125.672363,0.114946,1101.384644,41,2178.532363,116.56,0.999498,-0.23739051576619835
Blue Dart Express Ltd.,Transport logistics services,INE233B01017,BLUEDART,31-12-2022,1351.02,1337.08,1264.09,4.15,41.44,29.76,86.93,86.93,116.69,158.13,162.28,123.09,36.64,5398.55,,6299.8,23727934,14948.123861,169.087625,37.257605,870,15013.693861,41.66,0.793802,-0.14794687699617792
Blue Star Ltd.,Air-conditioners & refrigerators,INE472A01039,BLUESTARCO,31-12-2022,1654.12,1648.59,1679.43,15.86,14.76,18.01,52.09,52.09,70.1,84.86,100.72,85.96,5.41,1782.05,,1228.3,96313888,11830.234863,19.485248,63.037432,821,12238.294863,87.15,1.001961,-0.026038573553391477
Bombay Burmah Trdg. Corpn. Ltd.,Diversified manufacturing,INE050A01025,BBTC,31-12-2022,71.66,62.16,98.55,22.58,1.71,13.14,-28.06,-26.39,-26.39,-24.68,-2.1,-5.48,-3.78,1904.7,,882.75,69771900,6159.114472,-7.712274,30.7236545,324,6701.494472,34.93,1.446088,-0.2730534186329821
Bombay Dyeing & Mfg. Co. Ltd.,Man-made filaments & fibres,INE032A01023,BOMDYEING,31-12-2022,658.26,651.97,606.13,138.64,7.98,13.14,-100.55,-100.55,-100.55,-92.57,46.07,38.09,-4.87,131.45,,73.15,206534900,1510.802794,-4.602128,30.7236545,1260,5146.192794,65.07,2.204485,-0.2770221589770385
Borosil Ltd.,Wholesale trading,INE02PY01013,BOROLTD,31-12-2022,224.5,207.17,187.85,0.35,5.18,4.75,15.93,15.93,20.68,25.86,26.21,16.78,1.39,286.95,,356.7,114396177,4080.511634,7.69781,46.337856,755,3998.821634,116.56,0.774152,-0.23739051576619835
Borosil Renewables Ltd.,Glass & glassware,INE666D01022,BORORENEW,31-12-2022,170.97,161.39,150.24,2.06,10.92,7.67,22.47,22.47,30.14,41.06,43.12,32.2,1.72,555.55,,477.6,130482179,6231.828869,8.837989,54.039446,2623,6348.418869,33.34,1.396489,-0.21582624876912887
Bosch Ltd.,Other automobile ancillaries,INE323A01026,BOSCHLTD,31-12-2022,3791.1,3659.9,3483.4,2.0,108.3,99.6,318.9,318.9,418.5,526.8,528.8,426.6,108.12,36026.95,,17008.85,29493640,50165.289871,460.146662,36.963976,237,42964.389871,38.68,1.228839,-0.25847999501499275
Brigade Enterprises Ltd.,Housing construction,INE791I01019,BRIGADE,31-12-2022,557.93,513.87,442.55,34.89,20.43,25.32,69.98,69.98,95.3,115.73,150.62,130.19,3.03,866.4,,459.7,230662754,10603.566801,14.794326,31.072723,346,11945.596801,83.37,1.374776,-0.2017080929626154
Brightcom Group Ltd.,Computer software,INE425B01027,BCG,31-12-2022,123.59,118.57,119.65,1.38,0.02,2.03,3.94,3.94,5.97,5.99,7.37,7.35,0.02,10.9,,25.05,2018521873,5056.397292,0.016101,1555.814551,11959,5150.597292,29.01,1.211932,-0.22129977102466347
Britannia Industries Ltd.,Bakery products,INE216A01030,BRITANNIA,31-12-2022,4287.33,4011.17,3549.39,35.4,50.0,213.65,766.93,766.93,980.58,1030.58,1065.98,788.24,31.84,6102.75,,4318.1,240868296,104009.338896,73.291505,58.916787,2128,106138.188896,60.29,0.679277,0.26079189161249283
Butterfly Gandhimathi Appliances Ltd.,Diversified manufacturing,INE295F01017,BUTTERFLY,31-12-2022,250.43,248.44,238.28,1.52,4.0,6.36,11.74,11.74,18.1,22.1,23.62,19.62,6.57,647.0,,1426.95,17879551,2551.32253,17.131303,83.294892,11,2602.72253,34.93,1.625677,-0.2730534186329821
C C L Products (India) Ltd.,Coffee,INE421D01022,CCL,31-12-2022,395.94,358.07,313.31,9.06,10.13,-1.68,68.03,68.03,66.35,76.48,85.54,75.41,5.11,968.4,,541.55,133027920,7204.127008,14.340599,37.763417,1480,7668.607008,43.72,0.770332,-0.16837714382420763
C E Info Systems Ltd.,Computer software,INE0BV301023,MAPMYINDIA,31-12-2022,70.1,59.25,40.25,0.38,1.57,6.6,29.85,29.85,36.45,38.02,38.4,36.83,5.56,1664.85,,1134.55,53660772,6088.082887,19.744405,57.461849,578,6038.672887,29.01,1.703675,-0.22129977102466347
C E S C Ltd.,Wholesale trading,INE486A01021,CESC,31-12-2022,1995.0,1708.0,1809.0,156.0,119.0,51.0,186.0,186.0,237.0,356.0,512.0,393.0,1.4,169.0,,72.5,1325570430,9610.385618,5.820588,12.455785,1874,17131.195618,116.56,0.960557,-0.23739051576619835
C G Power & Indl. Solutions Ltd.,"Generators, transformers & switchgears",INE067A01029,CGPOWER,31-12-2022,1731.1,1645.27,1517.43,3.13,18.63,81.66,242.75,242.75,324.41,343.04,346.17,308.51,1.59,671.8,,302.5,1527096434,46194.667128,4.219642,71.688549,1638,46093.067128,78.35,1.260452,-0.19481232573431395
C I E Automotive India Ltd.,Other automobile ancillaries,INE536H01010,CIEINDIA,31-12-2022,1161.69,1110.95,1042.99,4.53,35.51,25.74,145.99,145.99,171.73,207.24,211.77,138.39,3.84,398.15,,394.85,379317379,14977.34671,12.242782,32.251656,3518,15100.08671,38.68,1.195448,-0.25847999501499275
C M S Info Systems Ltd.,Business services & consultancy,INE925R01014,CMSINFO,31-12-2022,442.23,437.74,376.32,4.56,30.71,22.27,66.76,66.76,89.03,119.74,124.3,93.59,4.33,352.65,,307.5,154273578,4743.912524,16.364435,18.790749,1127,4810.862523,60.13,1.927062,-0.22231802174705587
C S B Bank Ltd.,Banking services,INE679A01013,CSBBANK,31-12-2022,696.91,592.05,540.96,242.31,13.67,52.45,155.95,155.95,208.4,208.4,450.71,435.75,8.99,395.6,,248.1,173485827,4304.183368,27.870288,8.901953,1448,4420.893368,18.44,1.085213,0.17737526706292647
Camlin Fine Sciences Ltd.,Other chemical products,INE052I01032,CAMLINFINE,31-12-2022,183.71,172.69,194.51,11.65,7.54,3.55,15.79,15.79,19.34,26.88,38.53,30.99,1.08,155.55,,156.7,157078746,2461.42395,3.552358,44.11154,392,2882.65395,37.65,1.420802,-0.24540235502819857
Campus Activewear Ltd.,Footwear,INE278Y01022,CAMPUS,31-12-2022,466.5,465.62,380.24,8.23,19.56,16.69,48.31,48.31,65.0,84.56,92.79,73.23,1.59,263.65,,390.05,304686278,11884.288273,4.955261,78.714322,1229,12169.828273,96.96,0.846931,0.011937000761641073
Can Fin Homes Ltd.,Housing finance services,INE477A01020,CANFINHOME,31-12-2022,709.71,709.54,558.22,452.94,3.23,53.02,151.49,151.49,204.51,207.74,660.68,657.45,11.38,932.5,,567.9,133154125,7561.822759,43.237113,13.134549,1923,32042.152759,33.51,1.186302,-0.16633546810173813
Canara Bank,Banking services,INE476A01022,CANBK,31-12-2022,26217.86,22231.42,23336.34,13631.47,13.67,949.34,2881.52,2881.52,3830.86,3830.86,17462.33,17462.33,15.88,148.55,,303.8,1814130252,55113.277056,41.302382,7.355508,6496,-80656.082944,18.44,1.742678,0.17737526706292647
Cantabil Retail India Ltd.,Readymade garments,INE068L01024,CANTABIL,31-12-2022,163.67,163.1,155.73,6.56,13.77,9.22,26.95,26.95,36.17,49.94,56.5,42.73,16.51,256.15,,1109.05,16327608,1810.813365,29.753287,37.274874,269,2053.983365,42.45,0.788783,-0.28546545647070276
Caplin Point Laboratories Ltd.,Drugs & pharmaceuticals,INE475E01026,CAPLIPOINT,31-12-2022,159.96,130.6,101.86,0.04,6.47,15.19,59.17,59.17,74.36,80.83,80.87,74.4,7.8,1927.55,,691.6,75897746,5249.088113,27.515969,25.134496,280,4881.058113,39.53,1.068558,-0.19195911292555537
Capri Global Capital Ltd.,Other fund based financial services,INE180C01042,CGCL,31-12-2022,302.29,301.24,284.49,100.71,13.12,5.8,17.8,17.8,23.6,36.72,137.43,124.31,1.01,180.2,,751.45,175837055,13213.275498,7.48079,100.450627,247,16694.675498,33.67,0.859349,-0.23981065613779393
Carborundum Universal Ltd.,Other construction materials,INE120A01034,CARBORUNIV,31-12-2022,648.9,643.24,567.5,4.77,17.17,25.65,72.29,72.29,97.94,115.11,119.88,102.71,3.81,853.95,,972.2,189908874,18462.94073,14.531706,66.901985,1979,18216.99073,43.29,1.146276,-0.22983335779461173
Care Ratings Ltd.,Business services & consultancy,INE752H01013,CARERATING,31-12-2022,66.34,54.55,44.94,0.07,1.93,6.65,21.4,21.4,28.05,29.98,30.05,31.34,7.22,1550.15,,610.75,29680681,1812.747592,36.36709,16.79403,727,1301.827592,60.13,1.030514,-0.22231802174705587
Cartrade Tech Ltd.,Business services & consultancy,INE290S01011,CARTRADE,31-12-2022,57.25,42.0,45.43,0.13,1.48,3.82,11.82,11.82,15.64,17.12,17.25,15.77,2.53,2747.75,,501.4,46771491,2345.122559,-3.010381,30.7236545,1281,2304.402559,60.13,0.938039,-0.22231802174705587
Carysil Ltd.,Ceramic products,INE482D01024,CARYSIL,31-12-2022,70.65,69.73,68.59,2.61,5.99,1.07,3.88,3.88,4.95,10.94,13.55,6.84,1.45,894.5,,438.7,26771941,1174.485052,11.98643,36.599721,157,1303.635052,71.59,1.494017,-0.13587867522638308
Castrol India Ltd.,"Lubricants, etc.",INE172A01027,CASTROLIND,31-12-2022,1195.65,1176.01,967.59,1.57,20.82,54.57,193.32,193.32,247.89,268.71,270.28,249.46,1.95,182.85,,117.85,989122384,11656.807295,8.126093,14.502665,1111,10669.217295,12.28,0.773522,-0.3310810716453944
Ceat Ltd.,Tyres & tubes,INE482A01020,CEATLTD,31-12-2022,2714.51,2711.07,2550.77,65.43,117.46,15.34,41.81,41.81,57.15,174.61,240.04,122.07,10.34,3927.55,,1573.3,40450092,6364.012974,20.177952,77.971244,1743,8550.832974,47.38,1.147677,-0.16493441179989252
Cemindia Projects Ltd.,Infrastructural construction,INE686A01026,CEMPRO,31-12-2022,1192.02,1191.79,1155.37,39.07,29.19,7.75,36.65,36.65,44.4,73.59,112.66,83.47,2.13,800.15,,109.75,171787584,1885.368734,6.265296,17.51713,2276,2157.278734,-7779.86,1.57625,-0.2879215797575277
Central Bank Of India Ltd.,Banking services,INE483A01010,CENTRALBK,31-12-2022,7635.71,6716.55,7177.49,3432.09,13.67,353.21,458.22,458.22,811.43,811.43,4243.52,4243.52,0.53,36.7,,29.9,8680939432,25956.008902,1.032492,28.959064,1899,-19663.951098,18.44,1.254911,0.17737526706292647
Century Plyboards (India) Ltd.,Wood & wood products,INE348B01021,CENTURYPLY,31-12-2022,883.24,877.17,797.75,3.96,18.03,27.74,81.36,81.36,109.1,127.13,131.09,115.43,3.66,822.5,,517.75,222172990,11503.006557,16.989014,30.475577,1381,11469.146557,23.82,1.209267,-0.266587713075848
Cera Sanitaryware Ltd.,Wholesale trading,INE739E01017,CERA,31-12-2022,469.44,455.74,427.99,1.29,7.96,20.92,56.37,56.37,77.29,85.25,86.54,78.58,43.34,5290.55,,5271.45,13005874,6855.98145,158.697524,33.216964,484,6877.83145,116.56,0.630274,-0.23739051576619835
Chalet Hotels Ltd.,Hotels & restaurants,INE427F01016,CHALET,31-12-2022,361.9,269.35,260.65,36.54,25.98,38.72,101.25,101.25,139.97,165.95,202.49,116.01,4.94,871.6,,352.7,205024864,7231.226953,3.144009,112.181616,463,9746.326953,74.95,1.111479,-0.18801789305244987
Chambal Fertilisers & Chemicals Ltd.,Wholesale trading,INE085A01013,CHAMBLFERT,31-12-2022,8319.03,8296.21,5978.52,120.07,78.09,170.62,324.5,324.5,495.12,573.21,693.28,615.19,7.8,444.65,,312.3,416207852,12998.171218,27.71644,11.267681,5558,16723.231218,116.56,0.896302,-0.23739051576619835
Chemplast Sanmar Ltd.,Polymers,INE488A01050,CHEMPLASTS,31-12-2022,635.16,629.65,500.31,5.21,23.32,3.64,56.83,56.83,60.47,83.79,89.0,65.68,3.59,248.05,,441.35,158109574,6978.166048,20.884883,21.13251,358,6602.506048,18.93,0.922684,-0.2527023583107275
Chennai Petroleum Corpn. Ltd.,Refinery,INE178A01016,CHENNPETRO,31-12-2022,16056.38,16054.44,15702.46,201.88,141.43,43.31,142.95,142.95,186.26,327.69,529.57,388.14,9.6,887.2,,248.3,148911400,3697.470062,232.634305,1.06734,2921,12923.800062,47.49,1.458108,0.19851265422955744
Choice International Ltd.,Other fund based financial services,INE102B01014,CHOICEIN,31-12-2022,3.46,3.44,3.09,0.99,0.13,0.14,0.37,0.37,0.51,0.64,1.63,1.51,0.04,785.6,,263.05,99512000,2617.66316,0.184902,1422.643022,71,2645.06316,33.67,1.01911,-0.23981065613779393
Cholamandalam Financial Holdings Ltd.,Other fund based financial services,INE149A01033,CHOLAHLDNG,31-12-2022,2.29,2.29,2.26,1.77,13.67,0.01,0.03,0.03,0.04,0.04,1.81,1.81,0.0,1830.3,,595.95,187760692,11189.59844,3.105016,191.931363,936,11279.28844,33.67,1.01158,-0.23981065613779393
Cholamandalam Investment & Finance Co. Ltd.,Housing finance services,INE121A01024,CHOLAFIN,31-12-2022,3375.01,3323.1,2690.72,1543.29,29.49,236.51,684.29,684.29,920.8,950.29,2493.58,2464.09,8.32,1645.3,,707.4,821884756,58140.127639,29.368108,24.087354,3254,123342.657639,16.83,1.703675,-0.16633546810173813
Cigniti Technologies Ltd.,Computer software,INE675C01017,CIGNITITEC,31-12-2022,189.49,184.08,157.82,0.59,5.06,11.6,31.67,31.67,43.27,48.33,48.92,43.86,11.62,1797.25,,603.55,27256959,1645.09376,29.680494,20.334904,1300,1463.57376,29.01,0.812613,-0.22129977102466347
Cipla Ltd.,Drugs & pharmaceuticals,INE059A01026,CIPLA,31-12-2022,3662.85,3535.73,3038.89,5.66,129.96,222.69,597.62,678.52,928.42,1058.38,1064.04,825.97,8.41,1517.0,,1017.0,807143930,82086.537681,33.867689,30.028621,3568,77799.877681,39.53,0.531777,-0.19195911292555537
City Union Bank Ltd.,Banking services,INE491A01021,CUB,31-12-2022,1429.98,1205.65,1212.14,649.91,13.67,55.0,217.84,217.84,272.84,272.84,922.75,922.75,2.94,278.75,,158.4,740113526,11723.398252,12.356212,12.819462,976,10348.288252,18.44,1.05669,0.17737526706292647
Clean Science & Technology Ltd.,Organic chemicals,INE227W01023,CLEAN,31-12-2022,249.75,237.36,162.05,0.06,8.88,27.94,83.9,83.9,111.84,120.72,120.78,111.9,7.9,899.45,,1381.1,106237539,14672.466511,26.835147,51.466086,674,14431.476511,41.8,1.454371,-0.1787325857282407
Coal India Ltd.,Other fund based financial services,INE522F01014,COALINDIA,31-12-2022,9366.81,695.31,564.12,0.51,11.23,74.39,8809.07,8809.07,8883.46,8894.69,8895.2,8883.97,14.29,385.65,,224.9,6162728327,138599.760074,25.01027,8.992306,7396,137525.910074,33.67,0.816513,-0.23981065613779393
Cochin Shipyard Ltd.,Other transport equipment & ancillaries,INE704P01025,COCHINSHIP,31-12-2022,653.95,630.86,535.54,11.87,14.08,32.25,118.41,118.41,150.66,164.74,176.61,162.53,9.0,1547.95,,511.4,131540390,6726.975545,31.824446,16.069408,2042,5193.815545,22.75,0.825019,-0.21305884132194208
Coforge Ltd.,Computer software,INE591G01025,COFORGE,31-12-2022,1247.4,1088.0,1007.7,15.9,24.1,33.9,239.7,239.7,273.6,297.7,313.6,289.5,39.31,1845.05,,4376.05,61070746,26724.863803,110.101815,39.745485,1910,27015.363803,29.01,0.925354,-0.22129977102466347
Cohance Lifesciences Ltd.,Drugs & pharmaceuticals,INE03QK01018,COHANCE,31-12-2022,361.0,348.49,278.04,1.38,10.91,37.82,109.47,109.47,147.29,158.2,159.58,148.67,4.3,538.05,,492.5,254564956,12537.324083,20.267126,24.300436,465,12152.934083,39.53,1.307232,-0.19195911292555537
Colgate-Palmolive (India) Ltd.,Personal & home care products,INE259A01022,COLPAL,31-12-2022,1301.68,1291.27,1062.85,1.26,43.67,83.69,243.24,243.24,326.93,370.6,371.86,328.19,8.94,2110.55,,1453.55,271985634,39534.47183,37.43433,38.829331,1325,38862.80183,60.31,0.457339,0.16766831650016678
Computer Age Mgmt. Services Ltd.,ITES,INE596I01020,CAMS,31-12-2022,239.74,233.48,168.76,1.69,13.93,23.59,70.98,70.98,94.57,108.5,110.19,95.57,14.49,757.95,,2275.45,48993596,11148.247802,54.717355,41.585526,535,10902.137802,7.17,0.867078,-0.22242282766628246
Confidence Petroleum India Ltd.,Wholesale trading,INE552D01024,CONFIPET,31-12-2022,659.4,658.79,630.95,3.44,16.37,8.76,24.73,24.73,33.49,49.86,53.3,36.93,0.87,34.36,,73.6,284011923,2090.327753,2.475952,29.725935,1550,2056.617753,47.49,1.299994,-0.23739051576619835
Container Corpn. Of India Ltd.,Railway transport services,INE111A01025,CONCOR,31-12-2022,2102.06,1988.43,1805.56,14.21,135.65,93.63,296.5,296.5,390.13,525.78,539.99,404.34,4.87,501.25,,629.25,609294348,38339.846848,18.824071,33.427945,6317,35409.626848,29.72,1.143077,-0.010770853665170887
Coromandel International Ltd.,Fertilisers,INE169A01031,COROMANDEL,31-12-2022,8349.57,8308.11,8013.86,56.81,46.91,179.18,539.35,539.35,718.53,765.44,822.25,775.34,18.35,2406.1,,894.45,294009749,26297.701999,65.119269,13.735566,1413,24987.291999,10.11,0.568446,-0.2984772216688546
Cosmo First Ltd.,Plastic films & flexible packaging,INE757A01017,COSMOFIRST,31-12-2022,650.08,625.16,616.02,15.57,19.08,10.19,36.01,36.01,46.2,65.28,80.85,55.3,13.38,686.65,,706.95,27259072,1927.080095,101.151646,6.989011,1078,2288.030095,7.64,1.1531,-0.3348941152618447
Craftsman Automation Ltd.,Other automobile ancillaries,INE00LO01017,CRAFTSMAN,31-12-2022,752.23,747.62,722.56,29.63,53.76,28.13,51.23,51.23,79.36,133.12,162.75,108.99,24.56,7040.6,,3195.45,21128311,6751.446138,101.337963,31.532605,1060,7528.056138,38.68,0.875514,-0.25847999501499275
Creditaccess Grameen Ltd.,Other fund based financial services,INE741K01010,CREDITACC,31-12-2022,909.72,891.41,693.96,314.21,12.61,74.27,215.76,215.76,290.03,302.64,616.85,587.75,13.59,1277.65,,861.65,156185905,13457.758504,34.224599,25.176336,1057,24882.938504,33.67,1.494393,-0.23981065613779393
Cressanda Railway Solutions Ltd.,Wholesale trading,INE716D01033,,31-12-2022,23.45,23.45,22.15,6.715,13.67,0.25,1.3,1.3,1.55,1.55,1.55,1.55,0.03,3.3,,30.5,398495500,1215.411275,0.045923,664.159167,880,1203.531275,116.56,0.534274,-0.23739051576619835
Crisil Ltd.,Business services & consultancy,INE007A01025,CRISIL,31-12-2022,467.68,389.23,357.88,1.2,17.17,18.32,109.8,109.8,128.12,145.29,146.49,129.32,15.03,4385.05,,3143.8,73064044,22969.874153,50.468052,62.292873,634,22967.004153,60.13,0.713941,-0.22231802174705587
Crompton Greaves Consumer Electricals Ltd.,Other domestic appliances,INE299U01018,CROMPTON,31-12-2022,1285.08,1265.81,1154.49,27.89,14.28,22.94,84.34,84.34,107.28,121.56,149.45,135.17,1.33,255.75,,330.65,635885699,21025.560637,7.925009,41.722349,578,20356.110637,57.9,0.679496,-0.11111556716704424
Cummins India Ltd.,Engines,INE298A01020,CUMMINSIND,31-12-2022,2284.3,2180.53,1855.79,2.68,34.33,118.83,360.14,360.14,478.97,513.3,515.98,481.65,12.99,4407.6,,1434.25,277200000,39757.41,35.423882,40.488222,1494,38535.13,34.43,1.146312,-0.25261377535247476
Cyient Ltd.,Computer software,INE136B01020,CYIENT,31-12-2022,626.8,605.3,515.5,4.4,27.1,36.1,111.3,111.3,147.4,174.5,178.9,151.8,10.17,1157.7,,879.9,110518698,9724.540237,47.973783,18.341268,2587,8965.340237,29.01,0.897285,-0.22129977102466347
D B Corp Ltd.,Media-print,INE950I01011,DBCORP,31-12-2022,573.47,564.77,530.32,5.76,27.59,19.06,47.43,47.43,66.49,94.08,99.84,72.25,2.67,259.8,,124.55,177938819,2216.227991,8.348375,14.919071,887,1899.697991,15.52,0.953474,-0.3299004807322431
D C B Bank Ltd.,Banking services,INE503A01015,DCBBANK,31-12-2022,1167.15,1071.73,1053.3,625.72,13.67,39.58,113.85,113.85,153.43,153.43,779.15,779.15,3.66,168.7,,116.35,311423783,3623.415715,14.404488,8.077344,1278,3614.495715,18.44,1.388496,0.17737526706292647
D C M Shriram Ltd.,Other chemical products,INE499A01024,DCMSHRIRAM,31-12-2022,3211.48,3170.06,3031.17,12.64,64.59,169.52,335.42,335.42,504.94,569.53,582.17,509.56,21.51,1211.05,,863.6,155942296,13467.176683,74.214631,11.636519,416,14212.776683,37.65,1.176779,-0.24540235502819857
D C W Ltd.,Other chemical products,INE500A01029,DCW,31-12-2022,585.67,579.23,573.03,19.52,22.66,17.55,48.22,48.22,65.77,88.43,107.95,82.66,1.63,58.8,,48.25,295155017,1424.122957,5.391743,8.948869,546,1872.682957,37.65,1.834916,-0.24540235502819857
D C X Systems Ltd.,Wires & cables,INE0KL801015,DCXINDIA,31-12-2022,362.36,355.95,345.07,13.89,0.48,2.68,17.29,17.29,19.97,20.45,34.34,33.86,1.96,186.7,,192.95,96723671,1866.283232,4.893321,39.431296,421,2180.523232,29.86,1.432962,-0.19300179388073796
D F M Foods Ltd.,Processed foods,INE456C01020,DFMFOODS,31-12-2022,151.54,150.61,156.04,2.18,3.61,-2.51,-7.38,-7.38,-9.89,-6.28,-4.1,-7.71,-1.47,461.65,,457.4,50275876,2299.618568,-9.684565,30.7236545,179,2345.958568,67.56,0.941438,-0.13872794997574678
D L F Ltd.,Housing construction,INE271C01023,DLF,31-12-2022,973.89,925.31,679.03,96.86,19.83,94.62,294.86,294.86,389.48,409.31,506.17,486.34,1.19,690.85,,356.4,2475311706,88220.109202,6.175667,57.710369,1725,91578.939202,83.37,1.853464,-0.2017080929626154
Dabur India Ltd.,Personal & home care products,INE016A01026,DABUR,31-12-2022,2383.9,2298.26,1843.22,12.69,47.6,127.82,394.34,394.34,522.16,569.76,582.45,534.85,2.23,494.25,,557.65,1771763464,98802.38957,7.921373,70.398146,736,94331.51957,60.31,0.58198,0.16766831650016678
Dalmia Bharat Ltd.,Business services & consultancy,INE00R701025,DALBHARAT,31-12-2022,43.0,32.0,32.0,1.0,1.0,1.0,11.0,11.0,12.0,13.0,14.0,13.0,0.61,2013.5,,1768.35,187479833,33152.996269,9.17432,192.749978,1389,32440.996269,33.67,1.32936,-0.22231802174705587
Dalmia Bharat Sugar & Inds. Ltd.,Sugar,INE495A01022,DALMIASUG,31-12-2022,622.76,599.99,943.46,9.34,32.18,28.58,65.16,64.91,93.4,125.58,134.92,103.08,8.02,295.55,,356.35,80939303,2884.272062,16.744646,21.281429,651,3012.652062,42.95,1.410986,-0.26522110760151973
Data Patterns (India) Ltd.,Communication equipment,INE0IX101010,DATAPATTNS,31-12-2022,113.66,111.81,88.03,2.14,2.11,11.32,33.32,33.32,44.64,46.75,48.89,46.78,6.42,2554.95,,1393.2,51886650,7228.848078,25.399597,54.851264,4141,7060.958078,32.45,0.679277,-0.14405235238570346
Datamatics Global Services Ltd.,Computer software,INE365B01017,DATAMATICS,31-12-2022,195.94,189.31,170.7,0.32,3.03,8.83,25.24,25.24,34.07,37.1,37.42,34.39,4.28,826.95,,297.05,58949337,1751.090056,15.399664,19.289382,660,1633.510056,29.01,1.613011,-0.22129977102466347
Deepak Fertilisers & Petrochemicals Corpn. Ltd.,Other chemical products,INE501A01019,DEEPAKFERT,31-12-2022,545.07,512.83,515.63,10.95,17.99,16.47,46.12,46.12,62.59,80.58,91.53,73.54,3.65,1204.45,,647.75,126237825,8177.055114,21.09748,30.702719,2401,8411.885114,37.65,1.159473,-0.24540235502819857
Deepak Nitrite Ltd.,Inorganic chemicals,INE288B01029,DEEPAKNTR,31-12-2022,829.46,817.77,773.56,0.47,19.52,38.82,113.16,113.16,151.98,171.5,171.97,152.45,8.3,1666.4,,1879.95,136393041,25641.209743,36.899243,50.948199,3671,25656.349743,39.65,1.316276,-0.17966830745747447
Delhivery Ltd.,Courier services,INE148O01028,DELHIVERY,31-12-2022,1776.53,1683.29,1940.94,21.17,169.71,13.14,-165.99,-165.99,-165.99,3.72,24.89,-144.82,-2.24,405.65,,301.5,728310883,21958.573122,-11.998585,30.7236545,1763,22669.793122,-25.13,1.323411,0.02529858558008774
Delta Corp Ltd.,Other recreational & allied services,INE124G01033,DELTACORP,31-12-2022,209.04,166.1,136.18,1.28,7.65,42.62,74.2,74.2,116.82,124.47,125.75,83.32,2.77,69.52,,196.25,267486095,5249.414614,7.081116,27.714559,2494,4695.904614,13.95,1.669547,-0.32132668196509767
Den Networks Ltd.,Media-broadcasting,INE947J01015,DEN,31-12-2022,312.5,271.29,260.19,0.6,18.3,13.14,52.31,52.31,52.31,70.61,71.21,52.91,1.1,31.28,,31.95,477223845,1524.730185,3.522456,9.070376,672,954.260185,18.65,1.173412,-0.31204317365713524
Devyani International Ltd.,Hotels & restaurants,INE872J01023,DEVYANI,31-12-2022,705.64,696.56,639.54,32.7,60.64,-10.59,66.1,66.1,55.51,116.15,148.85,88.21,0.55,130.8,,154.45,1204736378,18607.153358,2.106602,73.317126,2707,19489.423358,74.95,1.299703,-0.18801789305244987
Dhampur Sugar Mills Ltd.,Sugar,INE041A01016,DHAMPURSUG,31-12-2022,545.58,545.35,662.54,5.47,13.84,20.67,46.01,46.01,66.68,80.52,85.99,72.15,6.93,123.95,,224.9,66387590,1493.056899,18.726391,12.009788,1270,2318.436899,42.95,1.404536,-0.26522110760151973
Dhani Services Ltd. [Merged],Other fund based financial services,INE274G01010,DHANI,31-12-2022,27.49,26.96,22.66,14.04,0.05,6.35,4.83,4.83,11.18,11.23,25.27,25.22,0.08,51.2,,33.95,612147910,2078.242154,0.142286,238.604151,2977,2560.282154,33.67,1.72312,-0.23981065613779393
Dhanuka Agritech Ltd.,Pesticides,INE435G01025,DHANUKA,31-12-2022,405.69,393.37,325.58,0.77,4.46,12.85,46.07,46.07,58.92,63.38,64.15,55.03,9.89,1178.7,,679.05,45578324,3094.996091,47.614739,14.26134,224,2837.756091,30.43,1.031119,-0.2787880162986381
Dilip Buildcon Ltd.,Other construction & allied activities,INE917M01012,DBL,31-12-2022,2455.23,2378.78,2351.1,129.79,98.84,18.0,79.52,79.52,97.52,196.36,326.15,179.32,5.44,458.95,,213.85,146214971,3126.807155,4.632221,46.165763,415,5803.947155,-45.57,1.488262,-0.22243749499819718
Disa India Ltd.,Industrial machinery,INE131C01011,GEORGFISCH,31-12-2022,52.82,50.2,46.88,0.23,1.14,0.75,1.94,1.94,2.69,3.83,4.06,2.92,13.34,12225.0,,8288.95,1454205,1205.383253,213.174896,38.883331,20,1025.013253,43.3,0.792789,-0.22502606240929363
Dish T V India Ltd.,Media-broadcasting,INE836F01026,DISHTV,31-12-2022,292.99,255.04,306.89,63.71,47.96,-6.24,-13.9,-13.9,-20.14,27.82,91.53,43.57,-0.07,3.94,,15.95,1841256154,2936.803566,1.256099,12.698044,1905,2806.783566,18.65,1.459332,-0.31204317365713524
Dishman Carbogen Amcis Ltd.,Other chemical products,INE385W01011,DCAL,31-12-2022,90.76,78.4,82.27,14.66,2.89,-3.85,-6.54,-6.54,-10.39,-7.5,7.16,6.27,-0.42,242.95,,84.8,156783095,1329.520646,-3.370261,30.7236545,621,1618.190646,37.65,1.152662,-0.24540235502819857
Divi'S Laboratories Ltd.,Drugs & pharmaceuticals,INE361B01024,DIVISLAB,31-12-2022,1806.17,1689.83,1344.12,0.11,86.54,128.21,310.9,310.9,439.11,525.65,525.76,439.22,11.71,6478.15,,3317.45,265468580,88067.874072,89.419245,37.099955,2719,85340.344072,39.53,0.937717,-0.19195911292555537
Dixon Technologies (India) Ltd.,Consumer electronics,INE935N01020,DIXON,31-12-2022,1542.5,1532.81,1440.35,9.2,13.73,16.9,48.78,48.78,65.68,79.41,88.61,74.88,8.22,13266.1,,2682.2,59560165,15975.227456,30.609385,87.626721,3682,16236.677456,115.05,1.108036,0.09956100821301908
Dodla Dairy Ltd.,Dairy products,INE021O01019,DODLA,31-12-2022,625.41,618.4,583.22,0.31,14.94,5.1,27.63,27.63,32.73,47.67,47.98,33.04,4.64,1228.0,,500.8,59492735,2979.396169,22.587632,22.171426,135,2888.096169,-409.95,0.136457,-0.27220024585594227
Dollar Industries Ltd.,Readymade garments,INE325C01035,DOLLAR,31-12-2022,286.26,285.34,229.81,3.98,4.78,2.84,8.74,8.74,11.58,16.36,20.34,15.19,1.54,364.95,,402.8,56716120,2284.525314,15.440055,26.08799,43,2497.935314,42.45,1.294685,-0.28546545647070276
Dr. Lal Pathlabs Ltd.,Health services,INE600L01024,LALPATHLAB,31-12-2022,438.0,429.4,375.4,8.3,20.8,21.6,62.6,62.6,84.2,105.0,113.3,92.5,7.53,1392.4,,2098.9,83353877,17495.145244,34.430312,60.960818,1182,17459.135244,69.86,0.660601,-0.1320225855676107
Dr. Reddy'S Laboratories Ltd.,Drugs & pharmaceuticals,INE089A01031,DRREDDY,31-12-2022,3949.0,3897.6,3752.5,2.8,238.8,160.3,324.6,324.6,484.9,723.7,726.5,488.7,19.54,1278.9,,4324.0,166523639,72004.821504,142.844584,30.270661,1551,71986.721504,39.53,0.607583,-0.19195911292555537
Dreamfolks Services Ltd.,Diversified non-financial services,INE0JS101016,DREAMFOLKS,31-12-2022,204.65,204.0,185.67,0.28,0.88,6.37,18.98,18.98,25.35,26.23,26.51,25.83,3.63,111.3,,379.5,52250000,1982.8875,10.597129,35.811586,570,1976.5875,176.5,0.788783,-0.17902845447488475
Dwarikesh Sugar Inds. Ltd.,Sugar,INE366A01041,DWARKESH,31-12-2022,391.74,383.85,558.74,6.0,13.37,4.51,10.52,10.52,15.03,28.4,34.4,21.03,0.56,36.95,,92.65,188301470,1744.61312,6.252208,14.818764,3089,2230.24312,42.95,1.351988,-0.26522110760151973
Dynamatic Technologies Ltd.,Other automobile ancillaries,INE221B01012,DYNAMATECH,31-12-2022,142.21,141.6,136.09,15.52,5.22,1.86,6.73,6.73,8.59,13.81,29.33,24.11,10.62,9516.9,,2472.15,6341443,1567.699831,37.515121,65.897429,97,2009.889831,38.68,1.249181,-0.25847999501499275
E I D-Parry (India) Ltd.,Diversified manufacturing,INE126A01031,EIDPARRY,31-12-2022,742.09,724.71,905.23,8.49,33.18,5.31,15.78,15.78,21.09,54.27,62.76,29.58,0.89,1000.75,,542.6,177517591,9632.104488,15.982078,33.950529,4474,-3499.875512,42.95,1.048813,-0.2730534186329821
E I H Associated Hotels Ltd.,Hotels & restaurants,INE276C01014,EIHAHOTELS,31-12-2022,112.45,110.61,82.28,0.08,4.17,12.34,30.17,30.17,42.51,46.68,46.76,42.59,9.9,356.3,,392.65,30468147,1196.331792,14.989425,26.195134,172,1116.141792,74.95,1.191925,-0.18801789305244987
E I H Ltd.,Hotels & restaurants,INE230A01023,EIHOTEL,31-12-2022,524.49,512.23,420.55,6.79,28.75,32.2,103.94,103.94,136.14,164.89,171.68,163.97,1.66,365.7,,162.5,625364182,10162.167957,2.912063,55.802361,589,10063.387958,74.95,1.426355,-0.18801789305244987
E K I Energy Services Ltd.,Business services & consultancy,INE0CPR01018,,31-12-2022,396.02,388.38,468.93,1.96,0.75,11.5,31.96,31.96,43.46,44.21,46.17,45.46,11.62,95.3,,1149.75,27511038,3163.081594,106.368215,10.80915,3025,3128.551594,60.13,1.788166,-0.22231802174705587
E P L Ltd.,Plastic packaging goods,INE255A01020,EPL,31-12-2022,343.2,309.2,295.5,6.5,26.2,5.5,49.5,49.5,55.0,81.2,87.7,45.4,1.55,213.5,,155.9,318209865,4960.891795,5.20097,29.975177,950,5215.291795,32.14,0.751266,-0.2431511669967358
Easy Trip Planners Ltd.,Online marketplaces,INE07O001026,EASEMYTRIP,31-12-2022,134.22,130.35,89.52,0.74,0.28,15.68,44.7,44.7,60.38,60.66,61.4,61.12,0.26,7.53,,52.0,1738320000,9039.264,0.754061,68.959902,4792,8835.784,270.14,1.284588,0.17999650749158183
Eclerx Services Ltd.,ITES,INE738I01010,ECLERX,31-12-2022,509.03,488.11,403.47,4.05,15.19,35.01,105.56,105.56,140.57,155.76,159.81,144.62,21.26,4521.55,,1452.5,50739644,7369.933291,72.194042,20.119389,912,7073.173291,7.17,1.071015,-0.22242282766628246
Edelweiss Financial Services Ltd.,Other fund based financial services,INE532F01054,EDELWEISS,31-12-2022,119.65,112.05,184.25,79.48,0.1,-7.91,-64.6,-64.6,-72.51,-72.41,7.07,-0.63,-0.72,106.65,,66.55,943101215,6276.338586,-5.442576,30.7236545,2288,8195.418586,33.67,1.527775,-0.23981065613779393
Eicher Motors Ltd.,Two & three wheelers,INE066A01021,EICHERMOT,31-12-2022,3781.24,3590.16,3029.26,3.58,130.52,233.13,680.7,680.7,913.83,1044.35,1047.93,917.41,24.89,7217.25,,3266.2,273478020,89323.390892,87.891158,37.161872,2535,80866.420892,25.13,1.183338,0.5446855727983667
Elantas Beck India Ltd.,Paints & varnishes,INE280B01018,DRBECK,31-12-2022,174.57,164.62,142.56,0.09,3.13,9.0,26.48,26.48,35.48,38.61,38.7,33.28,33.41,9260.6,,4550.9,7927682,3607.808801,109.6159,41.516787,53,3550.758801,65.91,0.676008,0.021625188158417272
Elecon Engineering Co. Ltd.,General purpose machinery,INE205B01031,ELECON,31-12-2022,308.07,304.22,256.37,1.93,9.76,15.21,48.21,48.21,63.42,73.18,75.11,65.35,4.3,482.3,,385.8,112199965,4328.67465,14.001787,27.553626,1258,4430.49465,40.23,1.765718,-0.22094579296060995
Electronics Mart India Ltd.,Retail trading,INE02YR01019,EMIL,31-12-2022,1484.76,1481.71,1266.78,24.6,21.64,7.67,21.91,21.91,29.58,51.22,75.82,54.18,0.59,104.35,,80.1,384748762,3081.837584,3.162323,25.329478,704,4196.247584,131.24,1.14091,-0.07458873961639617
Electrosteel Castings Ltd.,Steel pipes & tubes,INE086A01029,ELECTCAST,31-12-2022,1750.68,1728.04,1690.22,73.3,28.56,16.55,65.35,65.35,81.9,110.46,183.76,155.2,1.1,73.56,,37.0,594605247,2200.039414,5.824537,6.352437,490,4397.609414,31.67,1.41563,-0.2615999515821926
Elgi Equipments Ltd.,General purpose machinery,INE285A01027,ELGIEQUIP,31-12-2022,459.06,437.94,379.51,1.97,9.67,18.65,74.56,74.56,93.21,102.88,104.85,95.18,2.36,470.45,,379.55,316909016,12028.281702,7.966955,47.640533,2765,11886.371702,40.23,1.174695,-0.22094579296060995
Elpro International Ltd.,Diversified,INE579B01039,ELPROINTL,31-12-2022,31.75,24.82,23.08,1.2,1.24,2.35,8.55,8.55,10.9,12.14,13.34,12.72,0.5,83.08,,66.55,169479130,1127.88361,60.388556,1.10203,129,1010.64361,-45.57,0.848869,-0.18790891179554034
Emami Ltd.,Personal & home care products,INE548C01032,EMAMILTD,31-12-2022,843.76,835.55,584.46,0.61,42.61,12.96,224.62,224.62,237.58,280.19,280.8,238.19,5.09,519.15,,442.55,441150000,19523.09325,13.703956,32.293596,867,19531.14325,60.31,0.932466,0.16766831650016678
Embassy Developments Ltd.,Other construction & allied activities,INE069I01010,EMBDL,31-12-2022,9.16,530.27,394.65,6.06,0.53,0.32,-385.49,-385.49,-385.17,-384.64,-378.58,-379.11,-7.12,68.43,,72.1,541675331,3905.479137,-7.975257,30.7236545,3895,4312.379137,33.67,1.969744,-0.22243749499819718
Emudhra Ltd.,Computer software,INE01QM01018,EMUDHRA,31-12-2022,45.05,44.06,40.51,0.38,3.11,1.22,4.51,4.51,5.73,8.84,9.22,6.11,0.59,592.1,,276.65,78072371,2159.872144,3.408376,81.167687,798,2223.002144,29.01,1.068017,-0.22129977102466347
Endurance Technologies Ltd.,Other automobile ancillaries,INE913H01037,ENDURANCE,31-12-2022,1604.75,1596.79,1503.31,1.34,60.29,31.8,92.21,92.21,124.01,184.3,185.64,125.35,6.56,2692.7,,1473.0,140662848,20719.63751,29.382314,50.132198,305,20650.81751,38.68,1.054285,-0.25847999501499275
Engineers India Ltd.,Business services & consultancy,INE510A01028,ENGINERSIN,31-12-2022,856.35,830.62,808.57,0.43,6.58,17.46,47.78,47.78,65.24,71.82,72.25,65.67,0.85,199.1,,87.5,562042373,4917.870764,5.106554,17.134841,2478,3532.790764,63.05,1.070435,-0.22231802174705587
Epigral Ltd.,Caustic soda,INE071N01016,EPIGRAL,31-12-2022,537.84,537.84,453.48,21.03,30.84,37.2,77.2,77.2,114.4,145.24,166.27,135.43,18.58,1392.0,,1045.85,41550158,4345.523274,89.982811,11.622775,2276,5313.603274,7.56,1.260918,-0.3237664354271137
Equitas Holdings Ltd. [Merged],Other fund based financial services,INE988K01017,EQUITAS,31-12-2022,4.91,4.3,2.09,0.01,0.02,0.92,2.82,2.82,3.74,3.76,3.77,3.15,0.08,119.9,,121.8,341790115,4163.003601,-1.316597,30.7236545,2204,3881.783601,33.67,1.640483,-0.23981065613779393
Equitas Small Finance Bank Ltd.,Banking services,INE063P01018,EQUITASBNK,31-12-2022,1216.03,1063.39,1045.9,415.89,13.67,59.08,170.13,170.13,229.21,229.21,645.1,645.1,1.36,58.83,,54.25,1254706682,6806.78375,4.011854,13.522426,1804,7290.67375,18.44,1.353405,0.17737526706292647
Eris Lifesciences Ltd.,Drugs & pharmaceuticals,INE406M01024,ERIS,31-12-2022,335.49,332.01,224.18,3.14,16.5,10.85,99.38,99.38,110.23,126.73,129.87,113.37,7.31,1573.2,,610.65,135990717,8304.273134,27.840871,21.933581,526,8239.063134,39.53,0.419942,-0.19195911292555537
Esab India Ltd.,Miscellaneous electrical machinery,INE284A01012,ESABINDIA,31-12-2022,270.55,267.39,240.14,0.09,2.93,12.24,36.31,36.31,48.55,51.48,51.57,48.66,23.6,6139.2,,3938.5,15393020,6062.540927,74.774151,52.671945,172,6022.470927,45.43,1.138561,-0.12137950485927937
Escorts Kubota Ltd.,Agricultural machinery,INE042A01014,ESCORTS,31-12-2022,2354.95,2263.67,2032.06,2.64,37.57,55.0,186.4,186.4,241.4,278.97,281.61,244.04,14.37,3623.95,,2089.15,131940604,27564.371285,47.829855,43.678786,1249,22773.201285,42.42,1.159897,-0.06518307276493251
Eternal Ltd.,Online marketplaces,INE758T01015,ETERNAL,31-12-2022,1416.3,1191.2,1354.8,4.5,40.0,0.2,61.6,61.6,61.8,101.8,106.3,66.3,0.07,286.0,,49.75,8553509770,42553.711106,-0.108727,30.7236545,24113,32520.331106,270.14,0.857839,0.17999650749158183
Ethos Ltd.,Retail trading,INE04TZ01018,ETHOSLTD,31-12-2022,233.81,229.68,223.43,3.1,8.74,6.79,20.57,20.57,27.36,36.1,39.2,30.46,9.5,2947.7,,993.55,23349233,2319.863045,22.240559,44.672887,421,2443.713045,131.24,1.1746,-0.07458873961639617
Eureka Forbes Ltd.,Industrial machinery,INE0KCE01017,EUREKAFORB,31-12-2022,476.72,472.02,398.84,4.4,13.37,3.29,9.8,9.8,13.09,26.46,30.86,32.49,0.51,640.15,,505.35,193479240,9777.473393,1.591902,317.450435,376,10015.503393,43.3,1.002071,-0.22502606240929363
Eveready Industries (India) Ltd.,Dry cells,INE128A01029,EVEREADY,31-12-2022,330.46,330.43,331.58,9.57,6.88,2.11,5.44,5.44,7.55,14.43,24.0,17.12,0.75,330.7,,345.95,72687260,2514.61576,0.422357,819.093081,601,2865.98576,3380.99,0.996003,2.0131819497299395
Everest Industries Ltd.,Other construction materials,INE295A01018,EVERESTIND,31-12-2022,392.88,391.84,420.54,2.23,8.37,3.24,5.52,5.52,8.76,17.13,19.36,10.99,3.52,504.25,,738.4,15730417,1161.533991,11.201229,65.921339,125,1052.663991,43.29,1.589111,-0.22983335779461173
Excel Industries Ltd.,Inorganic chemicals,INE369A01029,EXCELINDUS,31-12-2022,227.48,222.97,212.72,0.36,7.85,5.67,18.74,18.74,24.41,32.26,32.62,22.11,14.91,937.65,,1077.45,12570692,1354.42921,94.235067,11.433642,53,1212.49921,39.65,1.305739,-0.17966830745747447
Exide Industries Ltd.,Storage batteries,INE302A01020,EXIDEIND,31-12-2022,3435.51,3412.13,3479.12,8.2,115.25,77.75,223.19,223.19,300.94,416.19,424.39,309.14,2.63,363.2,,180.8,850000000,15368.0,1.224235,147.684028,4494,10803.33,32.99,0.955731,-0.15468290320746192
Expleo Solutions Ltd.,Computer software,INE201K01015,EXPLEOSOL,31-12-2022,249.79,240.21,199.31,1.23,6.87,21.47,50.48,50.48,71.95,78.82,80.05,73.18,32.52,1029.6,,1265.4,10252485,1297.349452,117.73731,10.747655,46,1171.799452,29.01,1.160226,-0.22129977102466347
F D C Ltd.,Drugs & pharmaceuticals,INE258B01022,FDC,31-12-2022,425.37,406.61,385.29,1.18,9.81,14.86,39.43,39.43,54.29,64.1,65.28,55.47,2.38,410.1,,266.2,165910084,4416.526436,11.045139,24.101099,918,3560.326436,39.53,0.879476,-0.19195911292555537
F S N E-Commerce Ventures Ltd.,Online marketplaces,INE388Y01029,NYKAA,31-12-2022,89.25,54.08,70.01,1.87,1.95,6.23,19.77,19.77,26.0,27.95,29.82,27.87,0.07,249.0,,136.7,2849372430,38950.921118,0.296627,460.84857,7254,38376.501118,270.14,1.004666,0.17999650749158183
Fairchem Organics Ltd.,Organic chemicals,INE0DNW01011,FAIRCHEMOR,31-12-2022,103.11,102.48,86.49,0.92,2.09,0.69,0.61,0.61,1.3,3.39,4.31,1.86,0.47,684.0,,1135.8,13020902,1478.914049,32.539988,34.904745,433,1540.794049,41.8,0.774152,-0.1787325857282407
Federal Bank Ltd.,Banking services,INE171A01029,FEDERALBNK,31-12-2022,4967.25,4433.25,4163.64,2476.72,13.67,271.91,803.61,803.61,1075.52,1075.52,3552.24,3552.24,3.8,267.75,,134.5,2115318243,28451.030368,11.504794,11.690779,3140,22833.810368,18.44,1.439412,0.17737526706292647
Federal-Mogul Goetze (India) Ltd.,Other automobile ancillaries,INE529A01010,FMGOETZE,31-12-2022,392.65,386.65,371.72,0.78,19.76,10.07,23.14,23.14,33.21,52.97,53.75,33.99,4.16,439.2,,302.75,55632130,1684.262736,16.030305,18.886104,58,1570.052736,38.68,1.004666,-0.25847999501499275
"Fertilisers & Chemicals, Travancore Ltd.",Diversified,INE188A01015,FACT,31-12-2022,1757.51,1721.94,1620.02,62.02,7.12,13.14,165.79,165.79,165.79,172.91,234.93,227.81,2.56,863.65,,297.4,647071974,19243.920507,10.214938,29.114225,644,18397.840507,35.94,1.368248,-0.18790891179554034
Fiem Industries Ltd.,Other automobile ancillaries,INE737H01014,FIEMIND,31-12-2022,445.52,442.08,419.9,1.82,15.83,13.4,32.02,32.02,45.42,61.25,63.07,47.24,24.33,2403.35,,1642.85,13159830,2161.962672,101.612255,16.167833,953,2085.272672,38.68,1.299274,-0.25847999501499275
Filatex India Ltd.,Man-made filaments & fibres,INE816B01035,FILATEX,31-12-2022,1075.03,1070.38,1066.44,26.93,17.91,1.51,2.74,2.74,4.25,22.16,49.09,31.18,0.06,50.95,,43.75,443011250,1938.174219,3.391562,12.899662,382,2294.504219,65.07,1.720059,-0.2770221589770385
Fine Organic Inds. Ltd.,Other chemical products,INE686Y01026,FINEORG,31-12-2022,765.02,749.86,616.92,1.1,12.27,45.2,131.25,131.25,176.45,188.72,189.82,177.55,42.81,4267.6,,4991.35,30659976,15303.467121,183.235629,27.240063,606,15142.847121,37.65,0.698788,-0.24540235502819857
Fineotex Chemical Ltd.,Other chemical products,INE045J01034,FCL,31-12-2022,68.83,67.22,56.65,0.12,0.87,4.66,13.6,13.6,18.26,19.13,19.25,18.38,1.23,24.0,,243.5,110748420,2696.724027,4.318798,56.381435,1916,2664.864027,37.65,1.908352,-0.24540235502819857
Fino Payments Bank Ltd.,Other fee based financial services,INE02NC01014,FINOPB,31-12-2022,314.1,25.27,295.0,13.58,13.67,13.14,19.1,19.1,19.1,19.1,32.68,32.68,2.3,258.45,,242.95,83214302,2021.691467,7.324462,33.169671,309,1505.181467,38.07,1.428581,-0.1511257298155314
Finolex Cables Ltd.,Wires & cables,INE235A01022,FINCABLES,31-12-2022,1183.29,1150.31,1076.0,0.13,11.2,28.07,134.87,134.87,162.94,174.14,174.27,163.07,8.82,786.05,,551.65,152939345,8436.898967,31.520339,17.501398,1209,4322.428967,29.86,1.255435,-0.19300179388073796
Finolex Industries Ltd.,"Plastic tubes, pipes, fittings & sheets",INE183A01024,FINPIPE,31-12-2022,1156.0,1124.76,989.47,5.13,22.5,23.41,72.07,72.07,95.48,117.98,123.11,97.19,1.16,166.05,,172.65,620476905,10712.533765,2.380427,72.529003,1896,8296.143765,90.01,1.016188,-0.09096151730246531
Firstsource Solutions Ltd.,ITES,INE684F01012,FSL,31-12-2022,338.95,329.88,282.09,3.51,22.07,14.79,56.86,56.86,71.65,93.72,97.23,75.16,0.84,346.25,,107.95,696990826,7524.015967,3.870065,27.893586,1384,7774.365967,7.17,1.393992,-0.22242282766628246
Five-Star Business Finance Ltd.,Other fund based financial services,INE128S01021,FIVESTAR,31-12-2022,388.72,386.54,237.72,63.14,4.86,50.51,151.0,151.0,201.51,206.37,269.51,264.65,5.18,569.8,,600.5,291366120,17496.535506,18.884145,31.799163,2010,19210.025506,33.67,1.085213,-0.23981065613779393
Force Motors Ltd.,Commercial vehicles,INE451A01017,FORCEMOT,31-12-2022,1310.22,1303.76,1358.26,16.99,60.22,-1.2,-4.54,-4.54,-5.74,54.48,71.47,9.94,-3.45,17768.0,,1446.2,13176262,1905.55101,-28.308484,30.7236545,310,2878.66101,121.56,1.462387,0.05533662095510988
Fortis Healthcare Ltd.,Health services,INE061F01013,FORTIS,31-12-2022,304.58,262.25,285.7,25.48,29.33,4.19,19.39,19.39,23.58,52.91,78.39,39.65,0.26,890.65,,281.9,754958148,21282.270192,0.409162,688.969576,793,22475.410192,69.86,0.652436,-0.1320225855676107
Foseco India Ltd.,Other chemical products,INE519A01011,FOSECOIND,31-12-2022,108.17,105.71,93.63,6.715,3.74,4.52,12.26,12.26,16.78,20.52,20.52,16.26,19.19,5052.8,,1955.15,6386459,1248.648531,69.6317,28.078447,5,1059.428531,37.65,0.833774,-0.24540235502819857
Fusion Finance Ltd.,Other fund based financial services,INE139R01012,FUSION,31-12-2022,466.51,458.62,364.04,168.02,1.96,31.38,102.47,102.47,133.85,135.81,303.83,301.87,11.14,161.0,,406.45,100630735,4090.136224,29.279325,13.881809,4895,8856.316224,33.67,0.607583,-0.23981065613779393
G A I L (India) Ltd.,Natural gas trading & distribution,INE129A01019,GAIL,31-12-2022,36094.4,35365.43,36710.2,104.99,622.57,17.01,245.73,245.73,262.74,885.31,990.3,327.66,0.37,169.85,,95.25,6575099643,62627.8241,10.970982,8.681994,9873,49870.8141,26.49,1.151235,0.12937326070838082
G E Vernova T & D India Ltd.,Industrial construction,INE200A01026,GVT&D,31-12-2022,776.6,776.6,755.87,11.77,13.88,3.42,4.74,4.74,8.16,22.04,33.81,25.24,0.19,2927.3,,117.25,256046535,3002.145623,-3.430626,30.7236545,142,3145.795623,63.05,1.615916,-0.2658631511792221
G H C L Ltd.,Soda ash,INE539A01019,GHCL,31-12-2022,1107.8,1101.62,853.48,9.74,22.36,86.99,253.94,249.2,333.28,355.64,365.38,350.09,26.13,570.5,,492.15,95585786,4704.254458,96.447394,5.102782,3066,5234.034458,5.09,1.434139,-0.30963128712852894
G M M Pfaudler Ltd.,Industrial machinery,INE541A01023,GMMPFAUDLR,31-12-2022,279.99,276.59,250.09,8.76,9.18,6.66,22.45,22.45,29.11,38.29,47.05,37.19,4.99,1063.8,,1641.8,44957224,7381.077036,18.615473,88.195448,1089,7505.577036,43.3,0.958294,-0.22502606240929363
G M R Airports Ltd.,Diversified non-financial services,INE776C01039,GMRAIRPORT,31-12-2022,37.07,28.44,46.68,22.56,0.09,13.14,-9.61,-9.61,-9.61,-9.52,13.04,12.95,-0.02,101.55,,38.4,6035945275,23178.029856,0.007472,5139.25274,1607,23917.529856,35.94,1.23727,-0.17902845447488475
G M R Power & Urban Infra Ltd.,Diversified,INE0CU601026,GMRP&UI,31-12-2022,485.17,273.01,311.27,121.59,3.88,13.14,173.9,173.9,173.9,177.78,299.37,84.94,2.88,115.4,,19.8,603594528,1195.117165,-2.468545,30.7236545,480,5647.957165,63.05,1.16971,-0.18790891179554034
G N A Axles Ltd.,Other automobile ancillaries,INE934S01014,GNA,31-12-2022,404.65,404.24,363.95,2.85,12.16,12.43,35.78,35.78,48.21,60.37,63.22,51.06,16.67,311.05,,771.9,21465400,1656.914226,53.267118,14.491116,2789,1873.954226,38.68,1.401078,-0.25847999501499275
G O C L Corpn. Ltd.,Other chemical products,INE077F01035,GOCLCORP,31-12-2022,60.27,44.1,47.67,0.31,1.18,5.66,12.01,12.01,17.67,18.85,19.16,17.98,2.42,294.0,,346.7,49572490,1718.678228,46.017458,7.534097,295,1709.058228,37.65,1.533071,-0.24540235502819857
G R Infraprojects Ltd.,Infrastructural construction,INE201P01022,GRINFRA,31-12-2022,1940.94,1898.81,1763.52,24.81,61.25,58.78,174.14,174.14,232.92,294.17,318.98,257.73,18.01,1010.55,,1233.25,96689010,11924.172158,94.649847,13.029604,234,12924.292158,-7779.86,1.365171,-0.2879215797575277
G R M Overseas Ltd.,Other agricultural products,INE192H01020,GRMOVER,31-12-2022,338.88,330.83,373.97,5.49,0.79,5.92,16.4,16.4,22.32,23.11,28.6,27.81,2.73,470.15,,347.95,60000000,2087.7,7.718333,45.080976,257,2415.66,20.22,0.854343,-0.2965763986089119
G T L Infrastructure Ltd.,Telecommunication services,INE221H01019,GTLINFRA,31-12-2022,364.14,359.83,827.75,210.84,127.18,13.14,-463.61,-463.61,-463.61,-336.43,-125.59,-252.77,-0.36,1.2,,1.0,12669340753,1266.934075,-0.969127,30.7236545,17039,2462.114075,-19.34,1.397399,-0.01775097677186995
G T P L Hathway Ltd.,Media-broadcasting,INE869I01013,GTPL,31-12-2022,449.69,435.71,428.74,2.12,40.41,7.75,20.95,20.95,28.7,69.11,71.23,30.82,1.86,100.71,,124.05,112463038,1395.103986,8.979839,13.814279,203,1447.303986,18.65,1.141115,-0.31204317365713524
Gabriel India Ltd.,Other automobile ancillaries,INE524A01029,GABRIEL,31-12-2022,712.84,710.99,696.14,1.32,12.68,10.1,29.12,29.12,39.22,51.9,53.22,40.54,2.03,1061.55,,177.7,143643940,2552.552814,8.666568,20.504079,831,2367.802814,38.68,1.441482,-0.25847999501499275
Galaxy Surfactants Ltd.,Personal & home care products,INE600K01018,GALAXYSURF,31-12-2022,760.71,760.71,641.23,2.96,13.46,21.23,62.47,62.47,83.7,97.16,100.12,86.66,17.62,1989.5,,2332.95,35454752,8271.416368,55.91352,41.724255,223,8514.776368,60.31,0.806538,0.16766831650016678
Gallantt Ispat Ltd.,Steel,INE297H01019,GALLANTT,31-12-2022,1006.89,1006.24,936.14,7.66,25.4,32.25,20.91,20.91,53.16,78.56,86.22,60.82,0.87,522.85,,67.65,241280945,1632.265593,6.889479,9.81932,225,1905.105593,13.6,1.048378,-0.3195550430372759
Ganesh Housing Ltd.,Housing construction,INE460C01014,GANESHHOU,31-12-2022,18.14,17.62,42.45,1.59,0.69,0.61,6.81,6.81,7.42,8.11,9.7,9.01,0.82,807.0,,350.45,83387090,2922.300569,3.353037,104.517188,167,3015.500569,83.37,1.598941,-0.2017080929626154
Ganesha Ecosphere Ltd.,Man-made filaments & fibres,INE845D01014,GANECOS,31-12-2022,275.53,270.73,283.85,4.11,6.81,7.14,20.93,20.93,28.07,34.88,38.99,32.18,9.59,890.3,,903.7,21829397,1972.722607,34.1741,26.444003,278,2110.342607,65.07,1.389798,-0.2770221589770385
Garden Reach Shipbuilders & Engineers Ltd.,Other transport equipment & ancillaries,INE382Z01011,GRSE,31-12-2022,748.84,698.6,688.65,1.27,9.92,21.98,63.92,63.92,85.9,95.82,97.09,87.17,5.58,2298.3,,502.2,114552000,5752.80144,17.734304,28.317999,2999,2207.28144,22.75,0.927651,-0.21305884132194208
Garware Hi-Tech Films Ltd.,Plastic films & flexible packaging,INE291A01017,GRWRHITECH,31-12-2022,317.15,308.99,277.53,3.69,7.85,11.83,35.19,35.19,47.02,54.87,58.56,50.71,15.15,3355.1,,620.4,23232394,1441.337724,63.708458,9.73811,127,1408.247724,7.64,1.174754,-0.3348941152618447
Garware Technical Fibres Ltd.,Other textiles,INE276A01018,GARFIBRES,31-12-2022,257.34,249.55,236.44,2.81,5.56,9.44,30.08,30.08,39.52,45.08,47.89,42.33,14.59,689.2,,2916.45,20378169,5943.191098,78.250406,37.270733,443,5964.361098,34.41,0.776715,-0.1978037032812153
Gateway Distriparks Ltd.,Railway transport services,INE079J01017,GATEWAY,31-12-2022,339.14,336.04,286.22,9.98,24.99,3.25,52.92,52.92,56.17,81.16,91.14,66.15,1.06,59.63,,64.5,499643836,3222.702742,4.190985,15.390175,1133,3411.862742,29.72,0.533247,-0.010770853665170887
General Insurance Corpn. Of India,Insurance services,INE481Y01014,GICRE,31-12-2022,11563.33,8648.76,10364.34,6.715,13.67,96.09,39.055,1198.99,1295.08,1295.08,1295.08,96.09,6.83,365.5,,184.05,1754400000,32289.732,34.651619,5.31144,2001,5158.883983,22.59,1.17413,0.677920965378867
Genesys International Corpn. Ltd.,Computer software,INE727B01026,GENESYS,31-12-2022,55.88,54.07,42.26,0.35,3.24,3.7,13.62,13.62,17.32,20.56,20.91,17.73,3.89,427.85,,432.1,36971124,1597.522268,5.880265,73.483085,118,1604.392268,29.01,1.628607,-0.22129977102466347
Gensol Engineering Ltd.,Wholesale trading,INE06H201014,GENSOL,31-12-2022,48.59,45.95,46.12,6.0,6.88,5.33,-1.07,-1.07,4.26,11.14,17.14,10.25,-0.3,27.45,,961.85,12218916,1175.276435,15.77063,60.989955,247,1239.086435,116.56,0.401378,-0.23739051576619835
Genus Power Infrastructures Ltd.,Miscellaneous manufactured articles,INE955D01029,GENUSPOWER,31-12-2022,208.76,200.4,199.42,7.57,4.69,4.95,11.64,11.64,16.59,21.28,28.85,24.02,0.45,302.35,,92.75,257595460,2389.197891,1.270597,72.997186,1101,2597.317891,53.2,1.514219,-0.12882153872407026
Gillette India Ltd.,Other consumer goods,INE322A01010,GILLETTE,31-12-2022,621.55,618.62,575.27,3.35,19.19,30.93,74.45,74.45,105.38,124.57,127.92,109.78,22.85,7986.55,,4895.95,32585217,15953.559317,94.288155,51.925398,58,15662.609317,43.38,0.450602,-0.2617559110787527
Gland Pharma Ltd.,Drugs & pharmaceuticals,INE068V01023,GLAND,31-12-2022,987.41,925.9,775.72,2.62,37.61,77.7,227.54,227.54,305.24,342.85,345.47,307.86,13.82,1671.05,,1300.2,164690223,21413.022794,59.477119,21.860507,2058,18134.552794,39.53,0.774599,-0.19195911292555537
Glaxosmithkline Pharmaceuticals Ltd.,Drugs & pharmaceuticals,INE159A01016,GLAXO,31-12-2022,822.71,799.11,543.91,0.09,16.41,59.5,164.03,164.03,223.53,239.94,240.03,234.99,10.19,2534.6,,1246.7,169406034,21119.850259,31.691905,39.338121,829,18661.750259,39.53,0.613368,-0.19195911292555537
Glenmark Pharmaceuticals Ltd.,Drugs & pharmaceuticals,INE935A01035,GLENMARK,31-12-2022,2413.7,2161.47,1947.02,55.72,46.22,158.63,430.5,430.5,589.13,635.35,691.07,482.35,15.26,1990.75,,384.25,282168156,10842.311394,49.264241,7.799775,1338,9880.791394,39.53,1.035495,-0.19195911292555537
Global Health Ltd.,Health services,INE474Q01031,MEDANTA,31-12-2022,502.32,489.79,442.6,6.49,21.62,21.12,58.77,58.77,79.89,101.51,108.0,86.38,2.25,1169.05,,445.05,268184882,11935.568173,8.755154,50.832914,654,11804.488173,69.86,1.31554,-0.1320225855676107
Globus Spirits Ltd.,Alcoholic beverages,INE615I01010,GLOBUSSPR,31-12-2022,593.64,592.4,572.92,5.04,14.92,13.14,26.94,26.94,40.08,55.0,60.04,45.12,9.35,985.25,,801.7,28802749,2309.116387,46.554584,17.220646,1058,2395.546387,58.85,1.284523,-0.20907155538278388
Go Fashion (India) Ltd.,Retail trading,INE0BJS01011,GOCOLORS,31-12-2022,179.43,176.74,173.45,7.1,22.59,8.4,24.31,24.31,32.71,55.3,62.4,39.81,4.5,456.0,,1037.75,54008984,5604.782315,11.814701,87.835485,2739,5762.622315,131.24,1.296843,-0.07458873961639617
Godawari Power & Ispat Ltd.,Other ferrous metal products,INE177H01039,GPIL,31-12-2022,1411.7,1378.12,1303.61,5.94,31.33,46.53,126.41,126.41,172.94,204.27,210.21,178.88,9.26,235.6,,399.1,140944988,5625.114471,61.437445,6.496038,2133,5758.524471,35.94,1.763371,-0.25482541344281856
Godfrey Phillips India Ltd.,Tobacco products,INE260B01028,GODFRYPHLP,31-12-2022,995.73,917.29,843.18,6.59,37.98,54.76,182.14,182.14,236.9,274.88,281.47,208.58,35.03,2815.7,,1923.3,51993920,9999.990634,104.002545,18.492817,1182,8697.600634,24.16,1.000921,-0.19083888618022943
Godrej Agrovet Ltd.,Vegetable oils & products,INE850D01014,GODREJAGRO,31-12-2022,1839.26,1740.51,1649.19,15.71,25.29,32.94,136.17,136.17,169.11,194.4,210.11,114.01,7.09,570.55,,450.25,192160890,8652.044072,14.787088,30.448862,656,7407.584072,51.57,0.850694,-0.1258329722967099
Godrej Consumer Products Ltd.,Personal & home care products,INE102D01028,GODREJCP,31-12-2022,2050.54,2009.8,1453.0,0.72,25.02,92.45,458.46,458.46,550.91,575.93,576.65,560.45,4.48,1186.2,,912.75,1022695318,93346.51515,14.416708,63.311956,3501,92245.62515,60.31,0.848885,0.16766831650016678
Godrej Industries Ltd.,Organic chemicals,INE233A01035,GODREJIND,31-12-2022,1164.06,1151.15,1085.6,125.47,20.34,13.14,78.37,78.37,78.37,98.71,224.18,203.84,2.33,993.05,,429.25,336638257,14450.197182,4.443642,96.598684,578,-25720.522818,41.8,1.023838,-0.1787325857282407
Godrej Properties Ltd.,Other construction & allied activities,INE484J01027,GODREJPROP,31-12-2022,427.6,178.46,2046.59,60.97,5.1,55.97,129.75,129.75,185.72,190.82,251.79,246.69,4.67,2044.5,,1181.25,278020964,32841.226373,22.953305,51.463177,1237,36699.946373,35.94,1.218368,-0.22243749499819718
Gokaldas Exports Ltd.,Readymade garments,INE887G01027,GOKEX,31-12-2022,530.93,518.47,457.23,5.86,18.05,7.18,42.25,42.25,49.43,67.48,73.34,55.29,6.97,795.3,,364.6,60577994,2208.673661,30.070326,12.12491,612,2217.823661,42.45,1.316033,-0.28546545647070276
Gokul Agro Resources Ltd.,Vegetable oils & products,INE314T01033,GOKULAGRO,31-12-2022,2551.15,2547.51,2381.16,23.8,7.1,9.89,29.19,29.19,39.08,46.18,69.98,62.88,2.02,189.6,,123.0,143072347,1759.789868,8.714472,14.114452,391,1957.309868,51.57,1.522356,-0.1258329722967099
Goldiam International Ltd.,Gems & jewellery,INE025B01025,GOLDIAM,31-12-2022,78.89,73.33,64.86,6.715,0.54,4.13,13.89,13.89,18.02,18.56,18.56,18.02,1.28,370.2,,164.55,108974615,1793.17729,5.120459,32.135794,1850,1749.71729,72.03,1.192427,-0.24549709367323447
Goodluck India Ltd.,Steel pipes & tubes,INE127I01024,GOODLUCK,31-12-2022,711.09,705.94,724.54,17.04,8.28,9.65,18.4,18.4,28.05,36.33,53.37,45.09,7.02,1050.05,,450.8,27256250,1228.71175,30.352671,14.85207,160,1819.04175,31.67,1.712316,-0.2615999515821926
Goodyear India Ltd.,Tyres & tubes,INE533A01012,GOODYEAR,31-12-2022,692.96,689.09,663.45,0.86,13.82,8.65,24.41,24.41,33.06,46.88,47.74,33.92,10.58,832.6,,1080.4,23066507,2492.105416,44.90927,24.057394,61,2118.825416,47.38,0.955558,-0.16493441179989252
Granules India Ltd.,Drugs & pharmaceuticals,INE101D01020,GRANULES,31-12-2022,1032.39,1032.39,874.51,11.76,38.32,47.81,139.8,139.8,187.61,225.93,237.69,199.37,5.75,583.3,,295.9,242042756,7162.04515,20.942994,14.12883,665,7880.45515,39.53,1.117941,-0.19195911292555537
Graphite India Ltd.,Refractories,INE371A01025,GRAPHITE,31-12-2022,708.0,669.0,787.0,2.0,10.0,30.0,92.0,92.0,122.0,132.0,134.0,124.0,4.65,549.3,,349.7,195375594,6832.284522,20.495907,17.061943,1206,7080.234522,15.32,1.69049,-0.28559739105305165
Grasim Industries Ltd.,Man-made filaments & fibres,INE047A01021,GRASIM,31-12-2022,6325.6,6195.6,6018.61,89.2,275.51,-15.07,257.36,257.36,242.29,517.8,607.0,304.2,3.93,2814.2,,1590.5,658401686,104718.788158,37.668342,42.223785,1465,-26015.731842,65.07,1.289408,-0.2770221589770385
Grauer & Weil (India) Ltd.,Other chemical products,INE266D01021,GRAUWEIL,31-12-2022,256.02,250.51,229.56,0.69,5.1,12.07,34.5,34.5,46.57,51.67,52.36,47.26,1.52,74.97,,87.55,226705750,1984.808841,4.712276,18.579134,557,1734.768841,37.65,1.137794,-0.24540235502819857
Gravita India Ltd.,Other non-ferrous metals & metal products,INE024L01027,GRAVITA,31-12-2022,707.1,706.76,698.77,7.63,2.81,5.09,17.32,17.32,22.41,25.22,32.85,39.01,2.51,1809.6,,518.45,69037914,3579.270651,10.475403,49.492127,1736,3900.600651,15.76,1.428257,1.5320458796446645
Great Eastern Shipping Co. Ltd.,Shipping transport services,INE017A01032,GESHIP,31-12-2022,1304.11,1212.78,700.43,63.83,117.46,11.36,603.68,603.68,615.04,732.5,796.33,678.89,42.28,1095.35,,639.95,142767161,9136.384468,123.904544,5.164863,923,10544.544468,6.64,0.835017,-0.2678255080248566
Greaves Cotton Ltd.,Engines,INE224A01026,GREAVESCOT,31-12-2022,373.57,365.25,347.34,0.51,9.23,9.45,27.38,27.38,36.83,46.06,46.57,38.02,1.18,180.45,,144.75,231562813,3351.871718,3.380076,42.824476,1374,2930.061718,34.43,1.310446,-0.25261377535247476
Greenlam Industries Ltd.,Wood & wood products,INE544R01021,GREENLAM,31-12-2022,467.34,457.69,444.32,5.89,15.09,7.28,26.3,26.3,33.58,48.67,54.56,39.47,2.13,248.05,,312.7,126992550,3971.057038,7.403584,42.236301,363,4141.667038,23.82,0.975336,-0.266587713075848
Greenpanel Industries Ltd.,Wood & wood products,INE08ZM01014,GREENPANEL,31-12-2022,420.16,420.16,406.07,11.35,18.01,10.13,17.49,17.49,27.62,45.63,56.98,69.36,1.43,226.85,,325.0,122627395,3985.390337,22.196508,14.641943,3632,4062.910337,23.82,1.128974,-0.266587713075848
Greenply Industries Ltd.,Wood & wood products,INE461C01038,GREENPLY,31-12-2022,425.73,399.36,376.12,1.08,5.24,2.72,47.94,47.94,50.66,55.9,56.98,31.03,3.9,246.75,,140.8,122872645,1730.046842,8.254889,17.05656,481,1760.326842,23.82,1.353405,-0.266587713075848
Grindwell Norton Ltd.,Other construction materials,INE536A01023,GRINDWELL,31-12-2022,609.17,600.18,552.85,3.93,15.06,28.38,80.51,80.51,108.89,123.95,127.88,112.82,7.27,1573.9,,1989.65,110720000,22029.4048,31.547146,63.069097,1048,21444.3748,43.29,0.711981,-0.22983335779461173
Gufic Biosciences Ltd.,Drugs & pharmaceuticals,INE742B01025,GUFICBIO,31-12-2022,178.23,177.47,166.88,2.35,5.64,6.91,20.34,20.34,27.25,32.89,35.24,29.6,2.1,348.15,,217.1,96944506,2104.665225,8.436785,25.73255,455,2157.345225,39.53,1.32666,-0.19195911292555537
Gujarat Alkalies & Chemicals Ltd.,Caustic soda,INE186A01019,GUJALKALI,31-12-2022,1128.98,1122.79,1018.95,7.56,79.18,69.85,113.95,113.95,183.8,262.98,270.54,191.36,15.52,505.85,,686.75,73436928,5043.28103,93.06898,7.378935,450,3972.45103,7.56,1.313006,-0.3237664354271137
Gujarat Ambuja Exports Ltd.,Other agricultural products,INE036B01030,GAEL,31-12-2022,1157.74,1129.86,1113.13,2.48,23.8,27.2,81.92,81.92,109.12,132.92,135.4,111.6,3.57,123.8,,257.65,229335330,5908.824777,17.989814,14.321993,1944,5459.704777,20.22,1.22791,-0.2965763986089119
Gujarat Fluorochemicals Ltd.,Polymers,INE09N301011,FLUOROCHEM,31-12-2022,1495.97,1440.27,1175.02,34.23,55.16,122.65,363.98,363.98,486.63,541.79,576.02,520.86,33.13,3612.6,,2783.5,109850000,30576.7475,107.138826,25.980311,2602,31706.1975,18.93,1.381591,-0.2527023583107275
Gujarat Gas Ltd.,Natural gas trading & distribution,INE844O01030,GUJGASLTD,31-12-2022,3716.28,3684.29,3348.24,7.64,109.27,126.14,371.26,371.26,497.4,606.67,614.31,505.04,5.39,395.05,,456.75,688390125,31442.218959,23.142982,19.736005,1272,32049.958959,26.49,0.790802,0.12937326070838082
Gujarat Industries Power Co. Ltd.,Conventional electricity,INE162A01010,GIPCL,31-12-2022,395.59,376.47,361.49,10.16,42.1,15.15,34.1,34.1,49.25,91.35,101.51,59.41,2.25,148.85,,83.3,151251188,1259.922396,11.781726,7.070272,385,1216.722396,12.17,0.986907,-0.03716679162073462
Gujarat Mineral Devp. Corpn. Ltd.,Coal & lignite,INE131A01031,GMDCLTD,31-12-2022,911.47,855.41,656.12,1.73,20.51,87.81,265.1,265.1,352.91,373.42,375.15,371.11,8.34,516.65,,141.4,318000000,4496.52,31.399057,4.50332,2388,3206.43,4.5,1.373862,-0.3145059225713302
Gujarat Narmada Valley Fertilizers & Chemicals Ltd.,Other chemical products,INE113A01013,GNFC,31-12-2022,2750.0,2673.0,2466.0,1.0,76.0,114.0,324.0,324.0,438.0,514.0,515.0,439.0,20.9,485.9,,550.7,155418783,8558.91238,113.694752,4.843671,2825,6981.35238,37.65,1.396913,-0.24540235502819857
Gujarat Pipavav Port Ltd.,Shipping transport infrastructure services,INE517F01014,GPPL,31-12-2022,262.38,249.26,183.03,1.91,29.61,28.24,79.35,79.35,107.59,137.2,139.11,123.9,1.64,193.55,,93.9,483439910,4539.500755,6.323433,14.849528,2196,3730.800755,-95.73,0.704648,0.7050797938604265
Gujarat State Fertilizers & Chemicals Ltd.,Fertilisers,INE026A01025,GSFC,31-12-2022,3459.0,3421.13,2748.25,6.14,45.94,-77.08,407.52,407.52,330.44,376.38,382.52,316.38,10.23,173.6,,129.3,398477530,5152.314463,32.147108,4.022135,3624,-1788.035537,10.11,1.441373,-0.2984772216688546
Gujarat State Petronet Ltd.,Natural gas trading & distribution,INE246F01010,GSPL,31-12-2022,415.44,402.41,244.51,1.09,48.94,62.01,170.93,170.93,232.94,281.88,282.97,234.03,3.03,289.0,,268.9,564211376,15171.643901,15.670545,17.159581,1307,-3563.656099,26.49,0.802841,0.12937326070838082
Gulf Oil Lubricants India Ltd.,"Lubricants, etc.",INE635Q01029,GULFOILLUB,31-12-2022,795.37,781.1,714.01,10.26,9.72,21.66,62.65,62.65,84.31,94.03,104.29,94.57,12.78,1211.7,,432.85,49017086,2121.704568,47.205989,9.169387,293,1937.144568,12.28,0.569991,-0.3310810716453944
Gulshan Polyols Ltd.,Alcoholic beverages,INE255D01024,GULPOLY,31-12-2022,333.79,331.62,319.76,1.52,7.21,3.61,11.85,11.85,15.46,22.67,24.19,16.98,2.28,137.85,,237.65,51975489,1235.197496,8.194247,29.002054,263,1229.007496,41.8,1.377972,-0.20907155538278388
H B L Engineering Ltd.,Storage batteries,INE292B01021,HBLENGINE,31-12-2022,334.81,329.0,316.26,2.02,8.6,10.41,22.64,22.64,33.05,41.65,43.67,34.32,0.81,845.45,,98.8,277194946,2738.686066,3.029998,32.607287,2964,2707.036066,32.99,1.183756,-0.15468290320746192
H C L Technologies Ltd.,Computer software,INE860A01027,HCLTECH,31-12-2022,12686.0,12398.0,9497.0,33.0,686.0,929.0,3196.0,3196.0,4125.0,4811.0,4844.0,4158.0,11.8,1642.5,,1123.05,2713665096,304758.158606,42.731876,26.281318,8971,297005.158606,29.01,0.827882,-0.22129977102466347
H D F C Asset Mgmt. Co. Ltd.,Asset management services (mutual funds),INE127D01025,HDFCAMC,31-12-2022,662.93,559.56,293.53,2.39,13.37,131.32,369.4,369.4,500.72,514.09,516.48,503.11,17.32,2673.9,,1887.95,213385477,40286.11113,65.198439,28.956982,5777,40387.80113,24.98,1.071835,-0.16490924722718592
H D F C Bank Ltd.,Banking services,INE040A01034,HDFCBANK,31-12-2022,51207.61,42707.77,38948.12,19719.94,13.67,3958.14,12259.49,12259.49,16217.63,16217.63,35937.57,35937.57,21.99,985.95,,1603.45,5577792556,894371.147392,70.412837,22.772126,12742,882123.337392,18.44,0.920873,0.17737526706292647
H D F C Life Insurance Co. Ltd.,Insurance services,INE795G01014,HDFCLIFE,31-12-2022,19756.4,14379.38,19527.25,6.715,13.67,13.14,39.055,315.22,229.15,229.15,229.15,-133.2,1.48,767.3,,578.95,2149348369,124436.523823,5.27974,109.655026,1418,5158.883983,22.59,0.872263,0.677920965378867
H E G Ltd.,Refractories,INE545A01024,HEG,31-12-2022,567.16,530.27,605.97,7.77,24.99,34.37,102.83,102.83,137.2,162.19,169.96,144.97,26.64,529.65,,1037.5,38595506,4004.283747,124.224307,8.351828,1579,3258.983747,15.32,1.83882,-0.28559739105305165
H F C L Ltd.,Wires & cables,INE548A01028,HFCL,31-12-2022,1026.14,1002.01,914.1,26.37,13.91,26.68,79.9,79.9,106.58,120.49,146.86,132.95,0.58,64.17,,69.35,1377758321,9554.753956,1.86876,37.110164,4786,9953.083956,63.05,1.580688,-0.19300179388073796
H G Infra Engg. Ltd.,Infrastructural construction,INE926X01010,HGINFRA,31-12-2022,1134.76,1131.17,1023.33,16.09,26.01,39.39,111.43,111.43,150.82,176.83,192.92,166.91,17.1,747.35,,666.1,65171111,4341.047704,56.060115,11.881888,1175,4501.787704,-7779.86,1.297758,-0.2879215797575277
H L E Glascoat Ltd.,Other ferrous metal products,INE461D01028,HLEGLAS,31-12-2022,151.58,150.49,150.75,4.97,3.24,3.09,8.14,8.14,11.23,14.47,19.44,16.2,1.19,446.05,,606.55,68265480,4140.642689,7.172,84.57195,724,4345.762689,12.27,1.143671,-0.25482541344281856
H M T Ltd.,Diversified,INE262A01018,HMT,31-12-2022,28.5,12.82,15.73,6.715,0.55,13.14,12.73,12.73,12.73,13.28,13.28,12.73,0.36,47.0,,32.55,1204091640,3919.318288,0.260279,125.058018,16,3823.198288,35.94,1.346715,-0.18790891179554034
Hampton Sky Realty Ltd.,Other construction & allied activities,INE299D01022,,31-12-2022,9.12,9.05,7.48,0.04,0.13,0.03,1.49,1.49,1.52,1.65,1.69,1.93,0.05,13.44,,43.25,274207700,1185.948302,0.44893,96.340236,159,1190.688302,-45.57,0.544154,-0.22243749499819718
Happiest Minds Technologies Ltd.,Computer software,INE419U01012,HAPPSTMNDS,31-12-2022,352.94,344.76,295.67,6.01,7.52,15.98,57.27,57.27,73.25,80.77,86.78,79.26,4.0,483.7,,846.95,146863556,12438.608875,14.642162,57.843233,3735,12066.228875,29.01,1.191821,-0.22129977102466347
Harsha Engineers Intl. Ltd.,Industrial construction,INE0JUS01029,HARSHA,31-12-2022,239.39,226.39,198.3,1.33,6.05,11.16,31.55,31.55,42.71,48.76,50.09,44.04,3.42,373.4,,375.1,91044105,3415.064379,13.806495,27.168372,800,3681.714379,63.05,1.203412,-0.2658631511792221
Hathway Cable & Datacom Ltd.,Media-broadcasting,INE982F01036,HATHWAY,31-12-2022,173.86,161.26,158.55,6.715,41.64,5.71,15.31,15.31,21.02,62.66,62.66,19.59,0.09,12.42,,16.25,1770104500,2876.419812,0.442686,36.707757,1010,1969.349812,18.65,0.94242,-0.31204317365713524
Hatsun Agro Product Ltd.,Dairy products,INE473B01035,HATSUN,31-12-2022,1695.64,1695.17,1667.67,35.81,91.61,16.57,46.44,46.44,63.01,154.62,190.43,98.98,2.12,982.3,,893.15,222748268,19894.761556,8.848554,100.9374,178,21794.051556,-409.95,0.683497,-0.27220024585594227
Havells India Ltd.,Other domestic appliances,INE176B01034,HAVELLS,31-12-2022,4159.61,4119.71,4111.18,7.28,74.57,97.84,283.94,283.94,381.78,456.35,463.63,389.13,4.53,1415.7,,1182.55,626509738,74087.909067,16.911469,69.925918,1727,71730.399067,57.9,1.214233,-0.11111556716704424
Hawkins Cookers Ltd.,Other domestic appliances,INE979B01015,HAWKINCOOK,31-12-2022,258.18,256.87,245.98,1.29,1.99,6.14,18.09,18.09,24.23,26.22,27.51,25.52,34.22,8110.65,,6204.55,5287815,3280.851256,176.537946,35.145702,48,3259.591256,57.9,0.681198,-0.11111556716704424
Healthcare Global Enterprises Ltd.,Health services,INE075I01017,HCG,31-12-2022,254.78,252.17,242.37,10.53,21.81,5.22,14.16,14.16,19.38,41.19,51.72,29.91,1.02,705.35,,284.85,139092937,3962.06231,-6.145531,30.7236545,311,4186.19231,69.86,0.562585,-0.1320225855676107
Heidelberg Cement India Ltd.,Cement,INE578A01017,HEIDELBERG,31-12-2022,550.67,540.12,523.59,10.89,28.74,2.42,5.58,5.58,8.0,36.74,47.63,18.89,0.25,171.6,,175.25,226613116,3971.394858,6.706584,26.131036,801,3799.244858,48.83,1.098192,-0.2010629948632316
Hemisphere Properties India Ltd.,Other fund based financial services,INE0AJG01018,HEMIPROP,31-12-2022,1.96,0.09,3.92,1.71,13.67,13.14,-1.96,-1.96,-1.96,-1.96,-0.25,-0.25,-0.07,130.7,,100.5,285000000,2864.25,-0.313333,30.7236545,705,2894.52,33.67,1.646179,-0.23981065613779393
Heranba Industries Ltd.,Pesticides,INE694N01015,HERANBA,31-12-2022,281.09,280.21,249.32,2.31,5.76,3.99,14.39,14.39,18.38,24.14,26.45,20.69,3.6,244.65,,353.9,40013467,1416.076597,34.448402,10.273336,5842,1401.886597,30.43,1.050151,-0.2787880162986381
Heritage Foods Ltd.,Dairy products,INE978A01027,HERITGFOOD,31-12-2022,779.65,776.85,891.15,0.29,13.69,5.16,15.54,15.54,20.7,34.39,34.68,20.99,1.7,458.0,,154.05,92796000,1429.52238,6.185611,24.904571,712,1405.56238,-409.95,1.237115,-0.27220024585594227
Hero Motocorp Ltd.,Two & three wheelers,INE158A01026,HEROMOTOCO,31-12-2022,8214.18,8030.98,7564.95,4.9,162.0,229.38,711.06,711.06,940.44,1102.44,1107.34,945.34,35.58,5781.25,,2763.9,199830433,55231.133377,134.529559,20.544927,2269,54184.413377,25.13,1.001704,0.5446855727983667
Hester Biosciences Ltd.,Drugs & pharmaceuticals,INE782E01017,HESTERBIO,31-12-2022,71.73,70.77,59.95,3.14,2.44,3.65,10.73,10.73,14.38,16.82,19.96,17.52,12.61,1584.0,,1868.5,8506865,1589.507725,36.06499,51.809248,346,1707.027725,39.53,0.859901,-0.19195911292555537
Hi-Tech Pipes Ltd.,Steel pipes & tubes,INE106T01025,HITECH,31-12-2022,444.27,443.88,449.99,5.77,2.8,2.82,8.38,8.38,11.2,14.0,19.77,16.97,0.7,91.0,,942.45,12271100,1156.489819,25.694518,36.67903,462,1415.209819,31.67,1.429654,-0.2615999515821926
Hikal Ltd.,Drugs & pharmaceuticals,INE475B01022,HIKAL,31-12-2022,542.71,540.2,526.25,13.03,28.27,9.38,26.41,26.41,35.79,64.06,77.09,48.82,2.14,237.15,,356.8,123300750,4399.37076,5.081883,70.210194,2117,5044.42076,39.53,1.295872,-0.19195911292555537
Himadri Speciality Chemical Ltd.,Other construction materials,INE019C01026,HSCL,31-12-2022,1045.06,1037.39,993.94,24.35,12.29,14.26,63.03,63.03,77.29,89.58,113.93,101.64,1.51,478.4,,92.35,419407198,3873.225474,4.322768,21.363626,2303,4187.635474,43.29,1.244825,-0.22983335779461173
Hindalco Industries Ltd.,Aluminium & aluminium products,INE038A01020,HINDALCO,31-12-2022,19120.0,18983.0,19474.0,309.0,464.0,209.0,498.0,498.0,707.0,1171.0,1480.0,1024.0,2.24,851.75,,468.55,2247194585,105292.30228,18.55202,25.256009,2437,107286.30228,20.25,1.530923,-0.09103593093122561
Hinduja Global Solutions Ltd.,ITES,INE170I01016,HGS,31-12-2022,396.59,338.98,383.6,23.82,52.75,-31.96,15.15,15.17,-16.81,35.94,59.76,4.67,2.89,441.15,,1310.45,52520285,6882.520748,-43.42703,30.7236545,555,5612.260748,176.5,1.081661,-0.22242282766628246
Hindustan Aeronautics Ltd.,Diversified,INE066F01020,HAL,31-12-2022,6413.33,5665.86,5004.2,2.06,268.69,308.27,1153.99,1153.99,1462.26,1730.95,1733.01,1218.43,17.26,4304.75,,2552.4,334387500,85349.0655,128.248514,19.901985,5601,71421.5855,54.14,0.861225,-0.18790891179554034
Hindustan Construction Co. Ltd.,Infrastructural construction,INE549A01026,HCC,31-12-2022,1167.13,1155.45,1141.94,138.43,18.91,0.58,25.19,25.19,25.77,44.68,183.11,164.2,0.17,18.53,,19.15,1513028244,2897.449087,0.033773,567.015477,3431,6662.239087,-7779.86,1.764349,-0.2879215797575277
Hindustan Copper Ltd.,Minerals,INE531E01026,HINDCOPPER,31-12-2022,568.7,557.04,356.78,5.14,9.14,31.14,80.2,80.2,111.34,120.48,125.62,116.48,0.83,387.4,,123.15,967024020,11908.900806,2.541199,48.461385,1337,11951.690806,12.22,1.629321,-0.19527960896831384
Hindustan Foods Ltd.,Processed foods,INE254N01026,HNDFDS,31-12-2022,627.73,626.57,621.98,7.1,7.4,9.22,17.35,17.35,26.57,33.97,41.07,33.67,1.53,519.75,,562.7,112742690,6344.031166,5.316531,105.839692,133,6584.781166,67.56,1.013273,-0.13872794997574678
Hindustan Oil Exploration Co. Ltd.,Crude oil & natural gas,INE345A01011,HINDOILEXP,31-12-2022,106.37,101.34,107.05,10.19,7.97,13.14,15.92,15.92,15.92,23.89,34.08,26.11,1.2,153.6,,130.15,132243289,1721.146406,3.555568,36.60456,972,1963.966406,3.78,1.563054,-0.0029742484472342345
Hindustan Petroleum Corpn. Ltd.,Refinery,INE094A01015,HINDPETRO,31-12-2022,109938.08,109603.19,107166.33,681.68,1110.45,41.98,172.43,172.43,214.41,1324.86,2006.54,850.12,1.22,469.5,,237.9,1418548345,33747.265128,-79.354856,30.7236545,3033,72953.465128,47.49,1.055682,0.19851265422955744
Hindustan Unilever Ltd.,Personal & home care products,INE030A01027,HINDUNILVR,31-12-2022,15456.0,15228.0,12613.0,26.0,260.0,872.0,2505.0,2505.0,3377.0,3637.0,3663.0,3505.0,10.67,2281.8,,2577.6,2349591262,605630.643693,41.296544,62.416845,3753,598799.643693,60.31,0.509398,0.16766831650016678
Hindustan Zinc Ltd.,Other non-ferrous metals & metal products,INE267A01025,HINDZINC,31-12-2022,8215.0,7866.0,6006.0,62.0,807.0,1030.0,2157.0,2157.0,3187.0,3994.0,4056.0,3249.0,5.1,588.9,,332.75,4225319000,140597.489725,25.659601,12.967856,2169,128020.489725,15.76,0.860932,1.5320458796446645
Hindware Home Innovation Ltd.,Retail trading,INE05AN01011,HINDWAREAP,31-12-2022,140.8,134.96,130.37,5.34,4.61,-0.68,-3.51,-3.51,-4.19,0.42,5.76,0.58,-0.48,262.8,,417.25,72296395,3016.567081,1.459271,285.930529,535,3238.827081,131.24,1.829125,-0.07458873961639617
Hitachi Energy India Ltd.,"Generators, transformers & switchgears",INE07Y701011,POWERINDIA,31-12-2022,1043.62,1033.9,1052.01,13.04,20.16,7.12,4.58,4.58,11.7,31.86,44.9,26.42,1.08,18552.65,,3101.35,42381675,13144.040776,14.74458,210.338307,461,13248.100776,78.35,0.276696,-0.19481232573431395
Home First Finance Co. India Ltd.,Housing finance services,INE481N01025,HOMEFIRST,31-12-2022,205.54,205.39,146.8,79.55,2.33,17.01,58.74,58.74,75.75,78.08,157.63,155.3,6.69,1149.7,,738.45,87890983,6490.30964,24.21295,30.498142,2510,9342.44964,33.51,1.449336,-0.16633546810173813
Honda India Power Products Ltd.,General purpose machinery,INE634A01018,HONDAPOWER,31-12-2022,341.74,338.85,293.24,0.06,4.91,10.96,31.95,31.95,42.91,47.82,47.88,42.97,31.5,2289.4,,2073.8,10143071,2103.470064,93.492395,22.181483,759,1750.270064,40.23,0.752668,-0.22094579296060995
Honeywell Automation India Ltd.,Other electronics,INE671A01010,HONAUT,31-12-2022,1044.93,1017.49,931.06,1.03,13.14,36.94,106.07,106.07,143.01,156.15,157.18,144.74,119.97,33800.35,,39197.15,8841523,34656.250326,434.189901,90.276512,178,32705.770326,176.5,0.91273,-0.11779069539848289
Housing & Urban Devp. Corpn. Ltd.,Other asset financing services,INE031A01017,HUDCO,31-12-2022,1719.96,1709.58,1465.64,1131.51,2.89,86.0,254.32,254.32,340.32,343.21,1474.72,1471.83,1.27,211.5,,48.45,2001900000,9699.2055,7.784305,6.224062,4737,70558.3155,27.82,1.414689,0.024683058054876778
Housing Development Finance Corpn. Ltd. [Merged],Housing finance services,INE001A01036,HDFC,31-12-2022,15308.54,15291.85,11617.74,9694.18,66.31,921.0,3690.8,3690.8,4611.8,4678.11,14372.29,14305.98,20.22,2729.95,,2624.1,1826768239,479362.253596,83.426511,31.45403,4290,980954.453596,33.51,1.099868,-0.16633546810173813
Huhtamaki India Ltd.,Paper & newsprint,INE275B01026,HUHTAMAKI,31-12-2022,692.71,692.71,653.4,8.55,20.98,-0.77,16.84,16.84,16.07,37.05,45.6,24.62,2.23,208.8,,196.5,75521934,1484.006003,4.791985,41.005969,208,1848.016003,15.79,1.002803,-0.3489624638386909
I C I C I Bank Ltd.,Banking services,INE090A01021,ICICIBANK,31-12-2022,33529.26,28505.63,25217.41,12040.65,13.67,2701.93,8311.85,8311.85,11013.78,11013.78,23054.43,23054.43,11.92,1354.15,,831.65,6978528699,580369.339252,42.333408,19.645241,9527,519778.329252,18.44,1.432962,0.17737526706292647
I C I C I Lombard General Insurance Co. Ltd.,Insurance services,INE765G01017,ICICIGI,31-12-2022,4592.8,3792.05,4240.27,22.69,13.67,112.73,39.055,352.53,465.26,465.26,487.95,135.42,7.18,1952.8,,1129.75,491097453,55481.734753,32.563802,34.693431,714,5158.883983,22.59,0.770773,0.677920965378867
I C I C I Prudential Life Insurance Co. Ltd.,Insurance services,INE726G01019,ICICIPRULI,31-12-2022,17462.18,9464.51,17128.66,6.715,13.67,54.79,39.055,220.63,388.31,388.31,388.31,54.79,1.53,651.15,,452.15,1438564096,65044.675601,7.544815,59.928573,2223,5158.883983,22.59,0.999969,0.677920965378867
I C I C I Securities Ltd.,Diversified financial services,INE763G01038,ISEC,31-12-2022,878.84,878.79,599.73,152.9,19.35,96.38,279.11,279.11,375.49,394.84,547.74,528.39,8.64,895.7,,492.8,322829741,15909.049636,36.782856,13.397546,1041,22978.399636,15.9,1.286295,-0.173084020106766
I C R A Ltd.,Business services & consultancy,INE725G01011,ICRA,31-12-2022,69.71,58.02,46.51,0.33,1.93,3.0,23.2,23.2,26.2,28.13,28.46,26.53,24.12,6085.05,,4467.0,9651231,4311.204888,91.221524,48.968706,180,3955.854888,60.13,0.482395,-0.22231802174705587
I D B I Bank Ltd.,Banking services,INE008A01015,IDBI,31-12-2022,6088.31,5231.44,5161.04,2306.09,13.67,339.82,927.27,927.27,1267.09,1267.09,3573.18,3573.18,0.86,98.15,,52.2,10752402175,56127.539353,1.644451,31.743114,5236,34761.939353,18.44,1.653764,0.17737526706292647
I D F C First Bank Ltd.,Banking services,INE092T01019,IDFCFIRSTB,31-12-2022,7064.3,5911.82,6459.69,2626.52,13.67,205.93,604.61,604.61,810.54,810.54,3437.06,3437.06,0.97,84.65,,58.15,6238611367,36277.525099,1.124802,51.698006,7323,73482.215099,18.44,1.630105,0.17737526706292647
I D F C Ltd. [Merged],Other fund based financial services,INE043D01016,IDFC,31-12-2022,31.25,29.15,8.91,6.715,0.02,4.57,22.34,22.34,26.91,26.93,26.93,25.03,0.14,108.0,,85.7,1599984436,13711.866617,1.629078,52.606432,2693,13639.306617,33.67,1.564044,-0.23981065613779393
I F B Industries Ltd.,Other domestic appliances,INE559A01017,IFBIND,31-12-2022,980.79,976.79,960.04,7.0,29.54,-2.09,-1.38,-1.38,-3.47,26.07,33.07,3.53,-0.34,1570.15,,849.1,40518796,3440.450968,2.127408,399.124242,338,3712.840968,57.9,1.283729,-0.11111556716704424
I F C I Ltd.,Infrastructure finance services,INE039A01010,IFCI,31-12-2022,288.92,154.14,221.5,161.66,6.38,28.37,67.42,67.42,95.79,102.17,263.83,125.55,0.31,47.96,,12.61,2195928107,2769.065343,-1.97511,30.7236545,4396,9069.755343,4.31,1.855464,0.14377853673898083
I G Petrochemicals Ltd.,Organic chemicals,INE204A01010,IGPL,31-12-2022,524.46,518.31,531.52,9.11,11.67,8.93,25.43,25.43,34.36,46.03,55.14,43.47,8.26,397.7,,483.75,30794850,1489.700869,76.72062,6.305345,191,1496.200869,41.8,1.852294,-0.1787325857282407
I I F L Capital Services Ltd.,Securities broking,INE489L01022,IIFLCAPS,31-12-2022,316.41,314.52,250.49,14.09,15.07,20.67,65.92,65.92,86.59,101.66,115.75,100.35,2.16,309.95,,68.8,304854764,2097.400776,9.112208,7.550311,633,1423.080776,15.88,1.444007,-0.29710829834670943
I I F L Finance Ltd.,Other fund based financial services,INE530B01024,IIFL,31-12-2022,986.28,984.85,827.25,364.99,31.66,53.43,159.03,159.03,212.46,244.12,609.11,577.45,4.19,564.55,,514.45,380248439,19561.880944,17.694484,29.074032,5390,31597.670944,33.67,1.445163,-0.23981065613779393
I O L Chemicals & Pharmaceuticals Ltd.,Drugs & pharmaceuticals,INE485C01029,IOLCP,31-12-2022,530.12,523.48,500.87,4.7,11.73,9.1,24.15,24.15,33.25,44.98,49.68,37.95,4.12,82.24,,321.5,58705502,1887.381889,17.558831,18.309875,505,1632.581889,39.53,1.35715,-0.19195911292555537
I R B Infrastructure Developers Ltd.,Infrastructural construction,INE821I01022,IRB,31-12-2022,1048.28,942.18,984.91,93.76,13.67,4.32,63.37,63.37,67.69,67.69,161.45,110.5,0.1,41.07,,286.1,603900000,17277.579,9.397417,30.444537,5430,22234.109,-7779.86,1.651587,-0.2879215797575277
I S M T Ltd. [Merged],Steel pipes & tubes,INE732F01019,ISMTLTD,31-12-2022,596.1,592.36,588.17,4.81,13.09,13.88,34.2,34.2,48.08,61.17,65.98,52.99,1.14,120.2,,64.55,300501383,1939.736427,-3.34075,30.7236545,2224,2097.396427,31.67,1.088581,-0.2615999515821926
I T C Ltd.,Tobacco products,INE154A01025,ITC,31-12-2022,17097.45,16225.73,11767.85,10.18,407.24,1646.51,5031.01,5031.01,6677.52,7084.76,7094.94,6687.7,4.06,401.1,,352.25,12414014961,437283.677001,14.362154,24.526265,6478,418027.407001,24.16,0.605256,-0.19083888618022943
I T I Ltd.,Diversified machinery,INE248A01017,ITI,31-12-2022,266.54,256.35,347.42,50.68,12.24,13.14,-87.4,-87.4,-87.4,-75.16,-24.48,-36.72,-0.93,313.4,,102.85,949577352,9766.403065,0.511385,201.120327,396,11074.333065,176.5,1.554509,0.8648338323734415
Igarashi Motors India Ltd.,"Generators, transformers & switchgears",INE188B01013,IGARASHI,31-12-2022,170.78,166.98,174.99,3.35,11.88,2.54,1.34,1.34,3.88,15.76,19.11,7.23,0.43,434.05,,426.4,31475048,1342.096047,-2.668781,30.7236545,133,1415.536047,78.35,1.6046,-0.19481232573431395
Imagicaaworld Entertainment Ltd.,Other recreational & allied services,INE172N01012,IMAGICAA,31-12-2022,76.17,72.01,69.45,3.46,22.89,13.14,7.05,7.05,7.05,29.94,33.4,10.51,0.22,48.6,,36.35,411534579,1495.928195,8.22361,4.4202,865,1548.138195,13.95,1.685005,-0.32132668196509767
India Cements Ltd.,Cement,INE383A01012,INDIACEM,31-12-2022,1517.68,1219.46,1482.2,60.71,53.82,23.41,90.73,90.73,114.14,167.96,228.67,-119.43,2.84,437.45,,193.3,309897201,5990.312895,-14.097901,30.7236545,3066,9056.642895,48.83,1.011481,-0.2010629948632316
India Glycols Ltd.,Alcoholic beverages,INE560A01023,INDIAGLYCO,31-12-2022,589.89,553.45,575.91,26.03,20.37,3.23,13.35,13.35,16.58,36.95,62.98,14.48,4.31,1063.3,,674.55,30961500,2088.507982,15.693684,42.982259,232,3049.567982,58.85,1.620247,-0.20907155538278388
India Pesticides Ltd.,Pesticides,INE0D6701023,IPL,31-12-2022,222.27,217.64,189.58,1.58,3.03,11.65,35.03,35.03,46.68,49.71,51.29,48.26,3.04,173.1,,232.45,115163508,2676.975743,12.617712,18.422516,784,2568.655743,30.43,1.000576,-0.2787880162986381
India Tourism Devp. Corpn. Ltd.,Hotels & restaurants,INE353K01014,ITDC,31-12-2022,126.21,116.8,103.3,0.34,1.87,7.71,22.91,22.87,30.57,32.44,32.78,27.88,2.67,559.45,,338.4,85769400,2902.436496,4.686986,72.199913,53,2683.966496,74.95,1.761801,-0.18801789305244987
Indiamart Intermesh Ltd.,Online marketplaces,INE933S01016,INDIAMART,31-12-2022,287.3,240.2,205.7,1.1,5.6,28.6,81.6,81.6,110.2,115.8,116.9,111.3,13.33,2218.45,,4538.65,30614574,13894.883629,86.021122,52.762041,475,11537.453629,270.14,0.858926,0.17999650749158183
Indian Bank,Banking services,INE562A01011,INDIANB,31-12-2022,13550.68,11834.23,12154.92,6335.04,13.67,149.93,1395.76,1395.76,1545.69,1545.69,7880.73,7880.73,11.21,781.25,,304.8,1245441139,37961.045917,25.184651,12.10261,3131,-24746.014083,18.44,1.805742,0.17737526706292647
Indian Energy Exchange Ltd.,Other fee based financial services,INE022Q01020,IEX,31-12-2022,117.35,100.28,46.17,0.66,4.92,23.59,71.18,71.18,94.77,99.69,100.35,95.43,0.79,141.4,,138.5,897544933,12430.997322,3.246188,42.665422,1790,11800.487322,38.07,0.89467,-0.1511257298155314
Indian Hotels Co. Ltd.,Hotels & restaurants,INE053A01029,INDHOTEL,31-12-2022,1083.31,1061.56,800.13,32.47,51.88,93.35,283.18,283.18,376.53,428.41,460.88,409.0,1.99,731.2,,300.55,1420400342,42690.132279,4.025203,74.667038,3832,42676.642279,74.95,1.275303,-0.18801789305244987
Indian Metals & Ferro Alloys Ltd.,Ferro alloys,INE919H01018,IMFA,31-12-2022,668.05,623.62,607.8,16.15,27.6,4.94,10.43,10.43,15.37,42.97,59.12,41.54,1.93,1421.0,,286.55,53954106,1546.054907,58.342177,4.911541,1644,2054.924907,8.79,1.422397,-0.32473947209863707
Indian Oil Corpn. Ltd.,Refinery,INE242A01010,IOC,31-12-2022,206455.26,204740.2,204209.67,1952.76,3099.03,-191.36,448.01,448.01,256.65,3355.68,5308.44,2330.06,0.33,162.55,,81.8,14121238383,115511.729973,2.819604,29.011166,4911,198406.339973,47.49,0.972739,0.19851265422955744
Indian Overseas Bank,Banking services,INE565A01014,IOB,31-12-2022,6006.01,5055.53,5450.82,2783.87,13.67,5.25,555.19,555.19,560.44,560.44,3344.31,3344.31,0.8,34.01,,28.45,18902412256,53777.362868,1.058008,26.89016,7029,20074.812868,18.44,1.088668,0.17737526706292647
Indian Railway Catering & Tourism Corpn. Ltd.,Diversified non-financial services,INE335Y01020,IRCTC,31-12-2022,950.16,918.06,695.28,4.9,10.37,87.12,255.53,255.53,342.65,353.02,357.92,346.2,3.19,674.4,,637.25,800000000,50980.0,11.728625,54.332882,2557,49354.93,176.5,1.149045,-0.17902845447488475
Indian Railway Finance Corpn. Ltd.,Infrastructure finance services,INE053F01010,IRFC,31-12-2022,6222.02,6218.1,4588.57,4554.33,3.73,13.14,1633.45,1633.45,1633.45,1637.18,6191.51,6187.78,1.25,113.9,,33.05,13068506000,43191.41233,4.948798,6.678389,9899,432060.13233,4.31,1.337566,0.14377853673898083
Indigo Paints Ltd.,Paints & varnishes,INE09VQ01012,INDIGOPNTS,31-12-2022,285.05,281.27,249.3,0.3,8.71,9.06,26.26,26.26,35.32,44.03,44.33,35.62,5.52,1189.15,,1177.05,47588282,5601.378733,21.345591,55.142535,661,5341.088733,65.91,1.016861,0.021625188158417272
Indo Count Inds. Ltd.,Cloth,INE483B01026,ICIL,31-12-2022,536.64,531.34,578.76,15.48,15.92,3.75,9.22,9.22,12.97,28.89,44.37,28.45,0.47,268.65,,125.85,198054340,2492.513869,10.795522,11.657611,496,3356.203869,18.37,1.852896,-0.32408738057560427
Indo Rama Synthetics (India) Ltd.,Man-made filaments & fibres,INE156A01020,INDORAMA,31-12-2022,850.12,849.74,919.36,19.25,7.58,13.14,-64.08,-64.08,-64.08,-56.5,-37.25,-44.83,-2.45,48.35,,54.0,261113151,1410.011015,-1.252714,30.7236545,181,1738.741015,65.07,1.502038,-0.2770221589770385
Indoco Remedies Ltd.,Drugs & pharmaceuticals,INE873D01024,INDOCO,31-12-2022,410.96,410.59,383.81,7.01,17.16,9.98,27.87,27.87,37.85,55.01,62.02,44.86,3.02,240.55,,328.2,92150355,3024.374651,16.946218,19.367153,477,3262.804651,39.53,1.050315,-0.19195911292555537
Indostar Capital Finance Ltd.,Other fund based financial services,INE896L01010,INDOSTAR,31-12-2022,252.79,238.83,221.69,120.7,9.41,13.14,31.1,31.1,31.1,40.51,161.21,138.06,2.29,245.5,,154.3,136079295,2099.703522,-51.436187,30.7236545,14,7300.133522,33.67,0.84549,-0.23981065613779393
Indraprastha Gas Ltd.,Natural gas trading & distribution,INE203G01027,IGL,31-12-2022,3766.55,3710.81,3488.7,2.61,92.49,110.85,278.26,278.26,389.11,481.6,484.21,391.72,3.98,193.85,,425.95,700000800,29816.534076,20.533405,20.744246,2971,28563.624076,26.49,0.857839,0.12937326070838082
Indus Towers Ltd.,Telecommunication services,INE121J01017,INDUSTOWER,31-12-2022,6948.9,6765.0,7656.5,448.1,1357.2,-243.9,-707.6,-707.6,-951.5,405.7,853.8,-10.6,-2.63,413.95,,153.5,2694936950,41367.282182,10.26332,14.956174,7053,58461.182183,-19.34,0.831544,-0.01775097677186995
Indusind Bank Ltd.,Banking services,INE095A01012,INDUSINDBK,31-12-2022,11533.74,9457.4,9574.54,4962.06,13.67,656.45,1959.2,1959.2,2615.65,2615.65,7577.71,7577.71,25.27,844.55,,1083.6,775783624,84063.913497,86.514072,12.52513,4563,63112.643497,18.44,2.013333,0.17737526706292647
Infibeam Avenues Ltd.,Computer software,INE483S01020,INFIBEAM,31-12-2022,373.6,365.78,345.17,0.36,14.25,9.93,28.43,28.43,38.36,52.61,52.97,38.72,0.11,16.82,,17.05,2677781182,4565.616915,0.370605,46.005813,2226,4371.676915,29.01,1.190992,-0.22129977102466347
Info Edge (India) Ltd.,ITES,INE663F01032,NAUKRI,31-12-2022,594.78,555.18,679.04,0.92,11.47,52.28,-84.26,-84.26,-31.98,-20.51,-19.59,-31.06,14.89,1341.4,,3671.55,129184120,47430.595579,764.219317,4.804315,979,34504.925579,7.17,1.029542,-0.22242282766628246
Infobeans Technologies Ltd.,Computer software,INE344S01016,INFOBEAN,31-12-2022,63.77,62.22,51.46,1.44,1.75,1.95,12.31,12.31,14.26,16.01,17.45,15.7,5.08,764.2,,490.95,24250790,1190.592535,14.844877,33.072015,441,1171.662535,29.01,0.915253,-0.22129977102466347
Infosys Ltd.,Computer software,INE009A01021,INFY,31-12-2022,33566.0,32389.0,27356.0,41.0,713.0,2085.0,6210.0,6210.0,8295.0,9008.0,9049.0,8336.0,14.77,1639.6,,1533.15,4156710343,637286.046237,53.631353,28.586823,16145,613283.046237,29.01,0.608834,-0.22129977102466347
Ingersoll-Rand (India) Ltd.,General purpose machinery,INE177A01018,INGERRAND,31-12-2022,323.85,319.22,266.54,1.12,4.21,16.82,47.96,47.96,64.78,68.99,70.11,65.9,15.19,3414.1,,1955.55,31568000,6173.28024,44.706665,43.7418,210,5887.28024,40.23,0.708901,-0.22094579296060995
Inox Green Energy Services Ltd.,Business services & consultancy,INE510W01014,INOXGREEN,31-12-2022,92.83,71.62,101.15,17.0,14.38,-4.32,-8.32,-8.32,-12.64,1.74,18.74,4.36,-0.34,203.6,,48.2,291939334,1407.14759,0.736797,65.418298,3225,2053.12759,60.13,1.114103,-0.22231802174705587
Inox Leisure Ltd. [Merged],Exhibition of films,INE312H01016,INOXLEISUR,31-12-2022,521.42,515.57,561.84,69.06,78.65,44.72,-40.42,-40.42,4.3,82.95,152.01,97.65,-3.31,507.9,,507.1,122339094,6203.815457,-5.398928,30.7236545,752,9101.815457,-103.26,1.033211,-0.18104269004538415
Inox Wind Ltd.,Boilers & turbines,INE066P01011,INOXWIND,31-12-2022,425.99,176.62,428.84,58.33,10.3,13.14,-26.04,-26.04,-26.04,-15.74,42.59,32.29,-0.97,126.65,,95.5,282775366,2700.504745,-13.583574,30.7236545,866,4379.694745,-21.11,1.593345,-0.12183226043480944
Insecticides (India) Ltd.,Pesticides,INE070I01018,INSECTICID,31-12-2022,356.9,356.53,307.27,4.84,6.43,3.08,9.33,9.33,12.41,18.84,23.68,17.25,3.15,698.2,,611.1,29597837,1808.723819,38.65823,15.807759,171,1819.973819,30.43,1.064997,-0.2787880162986381
Intellect Design Arena Ltd.,Computer software,INE306R01017,INTELLECT,31-12-2022,372.39,348.3,336.22,0.74,20.22,14.68,36.17,36.17,50.85,71.07,71.81,51.59,2.69,1053.0,,439.7,135639057,5964.049336,9.118318,48.221615,2080,5515.399336,29.01,1.834679,-0.22129977102466347
Interglobe Aviation Ltd.,Air transport services,INE646L01027,INDIGO,31-12-2022,15408.7,14932.97,13992.35,1415.79,1341.88,13.14,1418.17,1418.17,1418.17,2760.05,4175.84,2833.96,36.79,5149.15,,2124.75,385474788,81903.75558,-75.70975,30.7236545,1339,117502.99558,-13.84,1.307871,0.3284800751409094
Ion Exchange (India) Ltd.,Industrial machinery,INE570A01022,IONEXCHANG,31-12-2022,508.89,496.07,465.4,1.58,7.17,17.27,47.37,47.37,64.64,71.81,73.39,66.22,38.53,374.8,,2613.55,14666659,3833.204663,121.731882,21.469725,524,3548.054663,43.3,1.14091,-0.22502606240929363
Ipca Laboratories Ltd.,Drugs & pharmaceuticals,INE571A01038,IPCALAB,31-12-2022,1464.31,1440.11,1266.66,10.43,58.38,51.32,115.18,115.18,166.5,224.88,235.31,176.93,4.54,1424.9,,850.15,253704218,21568.664093,20.403681,41.666501,295,20773.354093,39.53,0.58772,-0.19195911292555537
Ircon International Ltd.,Industrial construction,INE962Y01021,IRCON,31-12-2022,2394.14,2236.86,2118.44,0.59,6.8,49.54,227.42,227.42,276.96,283.76,284.35,213.54,2.42,153.05,,60.25,940515740,5666.607334,5.866675,10.269872,5388,1245.227333,63.05,0.687516,-0.2658631511792221
Isgec Heavy Engg. Ltd.,Wholesale trading,INE858B01029,ISGEC,31-12-2022,1103.18,1098.32,1057.64,10.18,15.83,13.63,39.82,39.82,53.45,69.28,79.46,63.63,5.42,815.85,,434.55,73529510,3195.224857,20.227253,21.483392,1154,3571.024857,116.56,1.026827,-0.23739051576619835
J B Chemicals & Pharmaceuticals Ltd.,Drugs & pharmaceuticals,INE572A01036,JBCHEPHARM,31-12-2022,732.05,728.94,644.71,8.65,28.04,34.7,101.21,101.21,135.91,163.95,172.6,144.56,13.08,1801.1,,2042.35,77357687,15799.147204,48.971216,41.705111,476,15811.647204,39.53,0.642742,-0.19195911292555537
J B M Auto Ltd.,Other automobile ancillaries,INE927D01051,JBMA,31-12-2022,936.31,926.52,895.83,31.55,25.23,11.3,29.49,29.49,40.79,66.02,97.57,72.66,2.49,573.2,,534.2,118247132,6316.761791,16.012228,33.362004,917,7379.331791,38.68,1.734101,-0.25847999501499275
J K Cement Ltd.,Cement,INE823G01014,JKCEMENT,31-12-2022,2358.19,2339.86,2320.9,73.8,101.05,32.01,57.65,57.65,89.66,190.71,264.51,163.46,7.46,5422.85,,2711.05,77268251,20947.809187,78.947044,34.340108,4405,23057.959187,48.83,0.969134,-0.2010629948632316
J K Lakshmi Cement Ltd.,Cement,INE786A01032,JKLAKSHMI,31-12-2022,1504.14,1488.53,1504.18,24.71,48.02,28.24,73.59,73.59,101.83,149.85,174.56,127.18,6.25,784.05,,735.95,117670066,8659.928507,31.90956,23.063621,910,8105.638507,48.83,1.027843,-0.2010629948632316
J K Paper Ltd.,Paper & newsprint,INE789E01012,JKPAPER,31-12-2022,1645.57,1616.14,1462.31,85.98,59.76,116.7,226.56,226.56,343.26,403.02,489.0,429.24,13.37,359.35,,411.65,169402344,6973.447491,53.147435,7.745435,2167,9648.057491,15.79,1.523119,-0.3489624638386909
J K Tyre & Inds. Ltd.,Tyres & tubes,INE573A01042,JKTYRE,31-12-2022,2488.28,2480.24,2467.72,72.09,60.11,30.75,53.71,53.71,84.46,144.57,216.66,156.55,2.18,485.45,,167.75,246230880,4130.523012,5.754762,29.149774,2730,6976.373012,47.38,1.26847,-0.16493441179989252
J Kumar Infraprojects Ltd.,Infrastructural construction,INE576I01022,JKIL,31-12-2022,1068.15,1062.39,997.07,22.12,38.66,25.51,71.08,71.08,96.59,135.25,157.37,118.71,9.39,557.05,,271.55,75665506,2054.696815,36.283376,7.484144,782,2268.416815,-7779.86,1.679381,-0.2879215797575277
J M C Projects (India) Ltd. [Merged],Infrastructural construction,INE890A01024,JMCPROJECT,,541.385,530.27,505.885,6.715,13.67,13.14,39.055,39.475,52.35,71.16499999999999,83.03,65.66,3.42,118.6,,118.6,167905170,1991.355316,10.607178,11.181108,1340,2702.445316,623.82,1.643901,-0.2879215797575277
J M Financial Ltd.,Asset management services (mutual funds),INE780C01023,JMFINANCIL,31-12-2022,182.62,90.43,60.69,1.46,2.52,13.44,121.93,121.93,135.37,137.89,139.35,135.61,1.28,142.55,,65.35,954787078,6239.533555,2.774441,23.554298,1538,6223.763555,33.67,1.400223,-0.16490924722718592
J S W Energy Ltd.,Conventional electricity,INE121E01018,JSWENERGY,31-12-2022,1005.06,954.69,925.97,57.66,80.28,32.9,79.09,79.09,111.99,192.27,249.93,169.65,0.48,478.05,,238.6,1644675668,39241.961438,3.813092,62.573886,3472,35335.061438,12.17,0.864289,-0.03716679162073462
J S W Holdings Ltd.,Other fund based financial services,INE824G01012,JSWHL,31-12-2022,26.03,26.03,7.58,6.715,13.67,6.28,18.45,18.45,24.73,24.73,24.73,24.73,16.63,19965.1,,4061.95,11099625,4508.612177,266.432425,15.245704,37,4508.292177,33.67,1.1591,-0.23981065613779393
J S W Ispat Special Products Ltd. [Merged],Other ferrous metal products,INE743C01021,JSWISPL,31-12-2022,1110.33,1102.09,1286.53,73.87,64.67,13.14,-96.87,-96.87,-96.87,-32.2,41.67,-23.0,-2.06,38.97,,30.55,469547534,1434.467716,-10.019433,30.7236545,280,4564.227716,12.27,1.296843,-0.25482541344281856
J S W Steel Ltd.,Steel,INE019A01038,JSWSTEEL,31-12-2022,31250.0,30935.0,30031.0,1344.0,1263.0,504.0,1234.0,1234.0,1738.0,3001.0,4345.0,3082.0,5.14,1079.5,,716.65,2417220440,173230.102833,17.805575,40.24863,2154,209303.102833,13.6,1.381572,-0.3195550430372759
J T E K T India Ltd.,Other automobile ancillaries,INE643A01035,JTEKTINDIA,31-12-2022,472.82,471.03,462.85,1.06,19.09,4.67,15.29,15.29,19.96,39.05,40.11,21.02,0.63,141.55,,136.55,244480469,3338.380804,3.087772,44.222822,341,3347.850804,38.68,1.599159,-0.25847999501499275
J T L Industries Ltd.,Steel pipes & tubes,INE391J01032,JTLIND,31-12-2022,344.43,343.33,337.75,1.33,1.09,7.01,20.5,20.5,27.51,28.6,29.93,29.06,1.55,60.61,,335.9,65537150,2201.392869,12.537927,26.790713,536,2283.032869,31.67,1.223007,-0.2615999515821926
Jagran Prakashan Ltd.,Media-print,INE199G01027,JAGRAN,31-12-2022,433.24,416.87,383.22,8.83,11.88,17.06,50.01,50.01,67.07,78.95,87.78,85.88,1.9,69.3,,72.4,263654272,1908.856929,8.162583,8.869741,268,1306.396929,15.52,0.76339,-0.3299004807322431
Jai Corp Ltd.,Plastic packaging goods,INE070D01027,JAICORPLTD,31-12-2022,130.18,128.57,121.04,6.715,2.23,4.06,11.6,11.57,15.61,17.84,17.84,15.66,0.65,127.8,,135.65,178449410,2420.666247,2.892697,46.893961,2223,2649.666247,32.14,2.116485,-0.2431511669967358
Jain Irrigation Systems Ltd.,"Plastic tubes, pipes, fittings & sheets",INE175A01038,JISLJALEQS,31-12-2022,1005.64,982.91,978.41,81.96,37.44,12.58,22.52,22.52,35.1,72.54,154.5,118.1,0.37,40.11,,30.85,604644684,1865.32885,-1.133558,30.7236545,1314,4558.91885,90.01,1.754407,-0.09096151730246531
Jaiprakash Associates Ltd.,Other construction & allied activities,INE455F01025,JPASSOCIAT,31-12-2022,1042.91,983.84,1162.02,240.54,59.13,6.86,-120.0,-211.63,-204.77,-145.64,94.9,127.4,-0.86,4.11,,9.09,2454595640,2231.227437,-4.435069,30.7236545,4766,8955.507437,-7779.86,1.394255,-0.22243749499819718
Jaiprakash Power Ventures Ltd.,Conventional electricity,INE351F01018,JPPOWER,31-12-2022,1206.01,1201.05,1667.91,135.31,117.14,-90.57,-216.91,-216.91,-307.48,-190.34,-55.03,-102.32,-0.2,17.95,,7.16,6853458827,4907.07652,0.201344,35.561102,7833,13729.27652,12.17,1.555472,-0.03716679162073462
Jammu & Kashmir Bank Ltd.,Banking services,INE168A01041,J&KBANK,31-12-2022,2682.67,2440.82,2371.08,1183.44,13.67,205.47,311.59,311.59,517.06,517.06,1700.5,1700.5,3.24,98.5,,54.95,961479861,5283.331836,8.448643,6.504003,5113,-6822.178164,18.44,1.453077,0.17737526706292647
Jamna Auto Inds. Ltd.,Other automobile ancillaries,INE039C01032,JAMNAAUTO,31-12-2022,561.71,560.48,517.3,0.54,9.33,12.51,35.54,35.54,48.05,57.38,57.92,48.59,0.89,125.9,,104.7,398622885,4173.581606,3.98221,26.291934,622,4324.031606,38.68,1.511746,-0.25847999501499275
Jayaswal Neco Inds. Ltd.,Steel,INE854B01010,JAYNECOIND,31-12-2022,1690.53,1685.58,1617.33,114.05,66.38,-8.17,57.68,57.68,49.51,115.89,229.94,214.11,1.11,76.39,,22.5,970998244,2184.746049,7.061702,3.186201,482,5843.836049,13.6,1.504933,-0.3195550430372759
Jindal Poly Films Ltd.,Other textiles,INE197D01010,JINDALPOLY,31-12-2022,226.71,134.0,170.99,10.41,11.57,23.98,40.0,40.0,63.98,75.55,85.96,61.12,9.14,480.1,,716.55,43786413,3137.515424,243.808507,2.938987,161,3524.755424,7.64,1.260918,-0.1978037032812153
Jindal Saw Ltd.,Steel pipes & tubes,INE324A01032,JINDALSAW,31-12-2022,4640.85,4478.51,4377.55,137.94,93.73,101.25,265.53,265.53,366.78,460.51,598.45,504.72,8.36,161.05,,125.05,319754117,3998.525233,15.404649,8.117679,5901,8228.835233,31.67,1.735579,-0.2615999515821926
Jindal Stainless (Hisar) Ltd. [Merged],Steel,INE455T01018,JSLHISAR,31-12-2022,3794.22,3765.43,3681.77,18.86,48.69,76.36,223.58,223.58,299.94,348.63,367.49,318.56,9.48,560.75,,459.3,235934685,10836.480082,40.481543,11.345912,677,9043.470082,13.6,1.828462,-0.3195550430372759
Jindal Stainless Ltd.,Steel,INE220G01021,JSL,31-12-2022,9031.27,9001.3,9435.71,67.54,169.18,188.56,551.98,551.98,740.54,909.72,977.26,807.84,6.7,802.85,,255.05,525495468,13402.761911,59.291853,4.301603,1865,16600.391911,13.6,1.527214,-0.3195550430372759
Jindal Steel Ltd.,Other ferrous metal products,INE749A01030,JINDALSTEL,31-12-2022,12067.13,12057.47,16434.85,343.46,544.32,-1373.98,-4512.27,-4512.27,-5886.25,-5341.93,-4998.47,1709.81,-44.9,992.35,,583.45,1020088097,59517.040019,61.009338,9.56329,1458,70051.590019,12.27,2.178729,-0.25482541344281856
Jindal Worldwide Ltd.,Cloth,INE247D01039,JINDWORLD,31-12-2022,415.58,413.51,416.16,10.58,6.56,5.26,17.26,17.26,22.52,29.08,39.66,35.28,0.86,29.42,,396.05,200520400,7941.610442,6.147504,64.424519,631,8505.330442,18.37,1.145549,-0.32408738057560427
Johnson Controls-Hitachi Air Conditioning India Ltd.,Air-conditioners & refrigerators,INE782A01015,JCHAC,31-12-2022,521.3,518.26,636.35,1.59,19.6,-8.98,-26.16,-26.16,-35.14,-15.54,-13.95,-33.23,-9.6,1484.05,,1072.2,27190884,2915.406582,-24.986315,30.7236545,220,2997.196582,87.15,0.815742,-0.026038573553391477
Jubilant Foodworks Ltd.,Bakery products,INE797F01020,JUBLFOOD,31-12-2022,1325.98,1316.64,1243.14,50.13,129.79,30.85,88.57,88.57,119.42,249.21,299.34,169.55,1.34,563.75,,487.1,659845200,32141.059692,7.34051,66.357791,5005,33562.119692,60.29,0.896864,0.26079189161249283
Jubilant Ingrevia Ltd.,Drugs & pharmaceuticals,INE0BY001018,JUBLINGREA,31-12-2022,1096.94,1090.51,1084.05,11.19,29.38,26.63,67.94,67.94,94.57,123.95,135.14,105.76,4.26,707.3,,488.55,159281139,7781.680046,18.674527,26.161305,2749,8220.430046,39.53,1.306438,-0.19195911292555537
Jubilant Pharmova Ltd.,Other chemical products,INE700A01033,JUBLPHARMA,31-12-2022,190.6,182.8,238.3,5.5,11.6,-5.3,-5.9,-5.9,-11.2,0.4,5.9,-5.7,-0.37,1086.85,,351.95,159281139,5605.899687,5.783485,60.854317,462,5762.969687,37.65,1.394301,-0.24540235502819857
Jupiter Wagons Ltd.,Other transport equipment & ancillaries,INE209L01016,JWL,31-12-2022,646.35,644.43,579.49,7.43,6.14,22.66,46.38,46.38,69.04,75.18,82.61,76.47,1.19,260.1,,123.0,387447419,4765.603254,2.872132,42.825335,2039,4835.933254,22.75,1.589146,-0.21305884132194208
Just Dial Ltd.,Business services & consultancy,INE599M01018,JUSTDIAL,31-12-2022,292.61,221.37,217.34,2.25,8.47,11.72,75.27,75.27,86.99,95.46,97.71,89.89,8.93,730.0,,631.8,84305952,5326.450047,11.417936,55.333992,1674,4694.940047,60.13,1.275874,-0.22231802174705587
Jyothy Labs Ltd.,Personal & home care products,INE668F01031,JYOTHYLAB,31-12-2022,626.91,611.67,522.55,3.21,12.15,16.82,67.39,67.39,84.21,96.36,99.57,87.42,1.84,281.0,,205.1,367208644,7531.449288,5.253417,39.041259,633,7492.009288,60.31,0.799811,0.16766831650016678
Jyoti Resins & Adhesives Ltd.,Other chemical products,INE577D01013,,31-12-2022,66.78,66.61,47.52,6.715,0.35,4.0,12.15,12.15,16.15,16.5,16.5,16.15,10.12,1111.2,,1127.55,12000000,1353.06,30.783333,36.628587,739,1328.91,37.65,0.724745,-0.24540235502819857
K C P Ltd.,Cement,INE805C01028,KCP,31-12-2022,397.42,392.59,423.39,8.11,16.79,2.86,-7.8,-7.8,-4.94,11.85,19.96,3.17,-0.6,179.2,,103.7,128921160,1336.912429,-1.300795,30.7236545,412,1444.652429,48.83,1.130236,-0.2010629948632316
K D D L Ltd.,Other consumer goods,INE291D01011,KDDL,31-12-2022,79.29,76.13,68.84,2.23,3.17,3.96,11.63,11.63,15.59,18.76,20.99,17.82,9.13,2300.55,,1041.35,12677823,1320.205098,51.720236,20.134285,480,1379.755098,43.38,1.251501,-0.2617559110787527
K E C International Ltd.,Other construction & allied activities,INE389H01022,KEC,31-12-2022,3870.77,3867.52,3831.71,123.09,32.32,13.0,14.75,14.75,27.75,60.07,183.16,150.84,0.57,712.4,,455.7,257088370,11715.517021,10.483944,43.466468,1721,14033.207021,-45.57,1.188675,-0.22243749499819718
K I O C L Ltd.,Minerals,INE880L01014,KIOCL,31-12-2022,307.11,287.89,323.77,2.34,7.15,13.14,-33.88,-33.88,-33.88,-26.73,-24.39,-31.54,-0.56,335.7,,211.05,607751096,12826.586881,0.462854,455.97536,488,11844.776881,12.22,1.411626,-0.19527960896831384
K N R Constructions Ltd.,Infrastructural construction,INE634I01029,KNRCON,31-12-2022,974.05,830.21,812.21,15.96,38.09,57.22,161.84,161.84,219.06,257.15,273.11,123.82,5.75,146.3,,247.1,281234600,6949.306966,13.441092,18.383924,1097,6782.306966,-7779.86,1.0537,-0.2879215797575277
K P I Green Energy Ltd.,Industrial construction,INE542W01025,KPIGREEN,31-12-2022,140.05,139.68,112.92,9.1,4.82,6.31,27.55,27.55,33.86,38.68,47.78,42.96,7.62,418.4,,473.7,36134000,1711.66758,22.701611,20.866361,2585,2045.27758,63.05,0.624592,-0.2658631511792221
K P I T Technologies Ltd.,Computer software,INE04I401011,KPITTECH,31-12-2022,401.48,379.94,335.03,3.75,23.97,19.16,66.45,66.45,85.61,109.58,113.33,89.36,2.46,1224.35,,762.35,274143808,20899.353203,10.230032,74.520782,28145,20507.443203,29.01,1.259685,-0.22129977102466347
K P R Mill Ltd.,Diversified cotton textile,INE930H01031,KPRMILL,31-12-2022,1160.01,1148.39,1006.96,5.26,19.23,31.77,101.97,101.97,133.74,152.97,158.23,139.0,2.98,974.85,,528.65,341814000,18069.99711,21.343187,24.769029,566,18352.20711,34.41,1.145398,-0.12798722756809205
K R B L Ltd.,Other agricultural products,INE001B01026,KRBL,31-12-2022,1553.86,1535.99,1629.44,3.45,18.74,69.09,205.27,205.27,274.36,293.1,296.55,277.81,8.72,394.8,,393.4,235389892,9260.238351,29.171176,13.485915,753,8996.448351,20.22,1.231742,-0.2965763986089119
K S B Ltd.,General purpose machinery,INE999A01023,KSB,31-12-2022,533.3,524.6,470.6,2.5,12.0,16.8,54.2,54.2,71.0,83.0,85.5,73.5,15.57,768.95,,1807.7,34807844,6292.21396,50.841988,35.555258,278,6135.99396,40.23,0.883168,-0.22094579296060995
Kabra Extrusion Technik Ltd.,Industrial machinery,INE900B01029,KABRAEXTRU,31-12-2022,207.86,206.85,191.72,2.46,3.43,5.41,11.92,11.92,17.33,20.76,23.22,19.79,3.72,218.7,,550.8,33591106,1850.198118,11.264887,48.895299,1832,1876.428118,43.3,1.249454,-0.22502606240929363
Kajaria Ceramics Ltd.,Ceramic products,INE217B01036,KAJARIACER,31-12-2022,999.16,986.47,966.93,4.45,23.39,26.05,75.64,75.64,101.69,125.08,129.53,106.14,4.75,1054.95,,1052.2,159232550,16754.448911,21.395123,49.179432,1183,16516.928911,71.59,1.070274,-0.13587867522638308
Kalpataru Projects Intl. Ltd.,Infrastructural construction,INE220B01022,KPIL,31-12-2022,3518.0,3509.0,3394.0,74.0,75.0,54.0,111.0,111.0,165.0,240.0,314.0,239.0,6.81,1152.45,,515.5,162446152,8374.099136,35.550857,14.500353,1024,10207.639136,-7779.86,1.30198,-0.2879215797575277
Kalyan Jewellers India Ltd.,Gems & jewellery,INE303R01014,KALYANKJIL,31-12-2022,3228.4,3218.74,3403.78,59.35,46.19,46.44,133.2,133.2,179.64,225.83,285.18,238.99,1.29,484.7,,118.05,1030053057,12159.776338,3.577389,32.998932,9267,15080.336338,72.03,1.380039,-0.24549709367323447
Kalyani Steels Ltd.,Steel,INE907A01026,KSL,31-12-2022,462.71,446.53,408.94,8.61,12.4,12.86,39.08,39.08,51.94,64.34,72.95,60.55,8.96,736.8,,332.7,43653060,1452.337306,35.846284,9.281297,251,916.337306,13.6,1.710358,-0.3195550430372759
Kama Holdings Ltd.,Other fund based financial services,INE411F01010,,31-12-2022,0.33,0.07,0.54,6.715,0.02,-0.01,-0.21,-0.21,-0.22,-0.2,-0.2,-0.3,-0.32,2835.25,,12591.75,6452615,8124.971493,411.755544,30.580645,144,8065.431493,33.67,0.880599,-0.23981065613779393
Kansai Nerolac Paints Ltd.,Paints & varnishes,INE531A01024,KANSAINER,31-12-2022,1725.68,1717.07,1610.53,2.47,42.13,40.23,112.28,112.28,152.51,194.64,197.11,154.98,2.08,222.75,,423.35,538919720,22815.166346,6.992693,60.541771,1383,22833.166346,65.91,0.93792,0.021625188158417272
Karnataka Bank Ltd.,Banking services,INE614B01018,KTKBANK,31-12-2022,2055.31,1850.8,1754.63,1016.04,13.67,66.32,300.68,300.68,367.0,367.0,1383.04,1383.04,9.65,200.5,,143.45,311942604,4474.816654,30.11772,4.762977,1344,2351.906654,18.44,1.337243,0.17737526706292647
Karur Vysya Bank Ltd.,Banking services,INE036D01028,KARURVYSYA,31-12-2022,2012.71,1695.22,1723.42,806.22,13.67,35.57,289.29,289.29,324.86,324.86,1131.08,1131.08,3.61,252.6,,107.25,801842640,8599.762314,11.984147,8.949323,2439,5012.682314,18.44,1.580394,0.17737526706292647
Kaveri Seed Co. Ltd.,Other agricultural products,INE455I01029,KSCL,31-12-2022,156.03,123.49,173.77,0.06,5.01,1.34,37.54,37.54,38.88,43.89,43.95,38.94,6.57,931.1,,526.35,55921829,2943.445469,48.283471,10.901246,889,2930.075469,20.22,1.097178,-0.2965763986089119
Kaynes Technology India Ltd.,Other electronics,INE918Z01012,KAYNES,31-12-2022,279.51,276.0,293.14,9.06,4.41,7.07,20.7,20.7,27.77,32.18,41.24,36.83,4.32,4184.85,,772.55,58142496,4491.798528,10.656577,72.495134,1897,4661.218528,48.08,1.445887,-0.11779069539848289
Kei Industries Ltd.,Wires & cables,INE878B01027,KEI,31-12-2022,1798.09,1784.32,1687.86,7.77,14.42,45.15,128.61,128.61,173.76,188.18,195.95,181.53,14.26,4281.15,,1616.95,90192438,14583.666262,50.227049,32.192813,3601,14578.586262,29.86,1.44954,-0.19300179388073796
Kennametal India Ltd.,Machine tools,INE717A01029,KENNAMET,31-12-2022,276.0,274.8,249.1,6.715,9.3,7.7,21.9,21.9,29.6,38.9,38.9,29.6,9.96,2151.95,,2181.2,21978240,4793.893709,47.911025,45.526056,276,4730.293709,21.13,0.851797,-0.21408882058364617
Kesoram Industries Ltd.,Other fund based financial services,INE087A01019,KESORAMIND,31-12-2022,944.47,929.17,998.49,100.1,19.34,-162.93,-27.19,-27.19,-190.12,-170.78,-70.68,83.05,-0.88,10.39,,57.15,310663663,1775.442834,1.665789,34.308074,958,3338.882834,48.83,1.712159,-0.23981065613779393
Kewal Kiran Clothing Ltd.,Readymade garments,INE401H01017,KKCL,31-12-2022,205.64,199.09,199.3,1.7,2.26,9.18,26.98,26.98,36.16,38.42,40.12,37.86,4.38,489.15,,438.35,61625185,2701.339984,18.119215,24.192549,717,2740.989984,42.45,0.738904,-0.28546545647070276
Keystone Realtors Ltd.,Housing construction,INE263M01029,RUSTOMJEE,31-12-2022,30.39,2.72,127.06,2.23,1.03,4.21,17.56,17.56,21.77,22.8,25.03,24.0,1.63,527.0,,493.6,113877423,5620.989599,5.601637,88.117097,1249,6334.469599,83.37,0.884057,-0.2017080929626154
Kfin Technologies Ltd.,Business services & consultancy,INE138Y01010,KFINTECH,31-12-2022,187.41,181.24,134.07,2.64,11.68,18.22,53.34,53.34,71.56,83.24,85.88,74.2,3.18,1079.75,,319.55,167568883,5354.663656,12.829351,24.907729,1370,5388.403656,60.13,1.149549,-0.22231802174705587
Kingfa Science & Technology (India) Ltd.,"Plastic furniture, floorings & miscellaneous items",INE473D01015,KINGFA,31-12-2022,341.6,340.38,334.82,4.56,3.57,6.89,20.23,20.23,27.12,30.69,35.25,31.68,16.71,4002.2,,1319.1,12110461,1597.490911,40.634291,32.462729,73,1613.990911,52.52,1.247204,-0.21696835575475118
Kiri Industries Ltd.,Dyes & pigments,INE415I01015,KIRIINDUS,31-12-2022,139.57,132.59,171.87,1.74,11.14,-0.27,-35.86,-35.86,-36.13,-24.99,-23.25,-34.39,-6.92,569.05,,282.95,51834211,1466.649,-21.424075,30.7236545,1693,1558.139,75.2,1.227443,-0.25141337692746524
Kirloskar Brothers Ltd.,General purpose machinery,INE732A01036,KIRLOSBROS,31-12-2022,615.8,611.9,577.9,3.5,10.7,14.9,44.5,44.5,59.4,70.1,73.6,68.2,5.6,1647.2,,322.75,79408926,2562.923087,18.80645,17.161665,1046,2743.163087,40.23,1.365839,-0.22094579296060995
Kirloskar Ferrous Inds. Ltd.,Other ferrous metal products,INE884B01025,KIRLFER,31-12-2022,1078.97,1075.09,982.51,22.03,26.45,36.15,103.0,103.0,139.15,165.6,187.63,160.57,7.42,436.4,,379.2,138872694,5266.052556,23.398408,16.206231,1582,6189.492556,12.27,1.185644,-0.25482541344281856
Kirloskar Industries Ltd.,Other fund based financial services,INE250A01039,KIRLOSIND,31-12-2022,12.71,5.71,8.15,0.38,0.67,2.33,4.56,4.56,6.89,7.56,7.94,7.27,4.63,3265.0,,1949.05,9883900,1926.421529,67.797125,28.748269,94,-789.32847,33.67,1.118193,-0.23981065613779393
Kirloskar Oil Engines Ltd.,Engines,INE146L01010,KIRLOSENG,31-12-2022,1005.61,1000.13,940.47,1.9,21.23,23.55,68.19,68.19,91.74,112.97,114.87,93.64,4.71,1247.2,,312.0,144704590,4514.783208,18.172195,17.169087,1413,4580.913208,34.43,1.122925,-0.25261377535247476
Kirloskar Pneumatic Co. Ltd.,General purpose machinery,INE811A01020,KIRLPNU,31-12-2022,314.49,312.28,281.73,0.06,8.52,10.77,32.85,32.85,43.62,52.14,52.2,43.68,5.09,1038.3,,568.75,64619490,3675.233494,19.893379,28.589914,1284,3452.013494,40.23,1.102036,-0.22094579296060995
Kitex Garments Ltd.,Readymade garments,INE602G01020,KITEX,31-12-2022,71.66,68.22,87.26,1.86,5.23,1.95,-6.65,-6.65,-4.7,0.53,2.39,-2.84,-1.0,188.65,,179.6,66500000,1194.34,14.932331,12.027593,327,1153.8,42.45,1.380039,-0.28546545647070276
Knowledge Marine & Engg. Works Ltd.,Business services & consultancy,INE0CJD01029,KMEW,,541.385,530.27,505.885,6.715,13.67,13.14,39.055,39.475,52.35,71.16499999999999,83.03,65.66,3.42,3284.65,,1217.0,10801000,1314.4817,36.265161,33.558379,38,1315.1217,60.13,1.054285,-0.22231802174705587
Kolte Patil Developers Ltd.,Housing construction,INE094I01018,KOLTEPATIL,31-12-2022,344.78,340.97,359.9,9.52,2.71,-2.36,-15.12,-15.12,-17.48,-14.77,-5.25,-7.96,-1.99,390.5,,282.55,76004409,2147.504576,-3.610317,30.7236545,909,2509.564576,83.37,1.461343,-0.2017080929626154
Kotak Mahindra Bank Ltd.,Banking services,INE237A01028,KOTAKBANK,31-12-2022,10984.53,8998.61,8192.65,3345.69,13.67,909.13,2791.88,2791.88,3701.01,3701.01,7046.7,7009.1,14.06,2159.5,,1730.25,1986442161,343704.154907,47.897342,36.124134,15151,327246.514907,18.44,0.882253,0.17737526706292647
Kovai Medical Center & Hospital Ltd.,Health services,INE177F01017,KOVAI,31-12-2022,268.13,264.43,236.99,10.11,22.31,11.29,31.14,31.14,42.43,64.74,74.85,52.87,28.45,5830.45,,1749.95,10942262,1914.841139,94.980361,18.424335,63,2267.391139,69.86,0.639216,-0.1320225855676107
Krishna Institute Of Medical Sciences Ltd.,Health services,INE967H01025,KIMS,31-12-2022,290.69,283.51,226.5,0.24,11.35,21.1,64.47,64.47,85.57,96.92,97.16,85.81,8.06,639.6,,1487.3,80027787,11902.532761,29.518497,50.385356,368,11740.552761,69.86,1.31554,-0.1320225855676107
Krsnaa Diagnostics Ltd.,Health services,INE08LI01020,KRSNAA,31-12-2022,120.29,115.74,103.42,2.26,13.9,5.25,16.87,16.87,22.12,36.02,38.28,24.43,5.37,720.6,,429.75,31397613,1349.312419,22.613184,19.0044,4342,1044.872419,69.86,1.166925,-0.1320225855676107
Kuantum Papers Ltd.,Paper & newsprint,INE529I01021,KUANTUM,31-12-2022,351.81,350.59,290.53,17.52,11.4,20.04,57.28,57.28,77.32,88.72,106.24,94.84,6.56,93.29,,133.95,87263630,1168.896324,15.967706,8.388807,408,1927.486324,15.79,1.406197,-0.3489624638386909
L & T Finance Ltd.,Other fund based financial services,INE498L01015,LTF,31-12-2022,6089.09,3455.2,5665.26,1500.69,27.92,90.76,423.83,423.83,514.59,542.51,2043.2,-559.81,1.71,300.45,,88.9,2479671117,22044.27623,-7.472362,30.7236545,2933,22005.61623,33.67,1.939349,-0.23981065613779393
L & T Technology Services Ltd.,Business services & consultancy,INE010V01017,LTTS,31-12-2022,1995.5,1922.5,1714.6,10.6,52.3,133.8,280.9,280.9,414.7,467.0,477.6,425.3,26.6,4513.8,,3335.45,105601572,35222.876333,101.494701,32.863292,2926,33250.776333,60.13,0.973945,-0.22231802174705587
L G Balakrishnan & Bros. Ltd.,Other ferrous metal products,INE337A01034,LGBBROSLTD,31-12-2022,558.46,551.0,515.48,1.59,18.34,20.65,70.87,70.87,91.52,109.86,111.45,91.6,22.58,1842.35,,693.55,31392416,2177.221012,83.252592,8.330672,589,1985.051012,12.27,1.476752,-0.25482541344281856
L I C Housing Finance Ltd.,Housing finance services,INE115A01026,LICHSGFIN,31-12-2022,5876.03,5870.84,5395.73,4240.95,16.28,112.71,480.3,480.3,593.01,609.29,4850.24,4833.96,8.73,532.25,,401.0,550063000,22057.5263,51.415202,7.79925,1881,245572.0363,33.51,1.438877,-0.16633546810173813
L M W Ltd.,Industrial machinery,INE269B01029,LMW,31-12-2022,1210.35,1176.1,1132.2,6.715,19.93,23.59,104.96,104.96,128.55,148.48,148.48,128.55,98.25,14931.0,,11271.15,10683000,12040.969545,321.641861,35.042547,485,10537.649545,43.3,0.982326,-0.22502606240929363
L T Foods Ltd.,Other agricultural products,INE818H01020,LTFOODS,31-12-2022,888.29,881.23,847.65,6.0,7.37,13.04,31.95,31.95,44.99,52.36,58.36,50.99,1.0,401.35,,115.05,319844780,3679.814194,3.861873,29.791242,2218,3961.534194,20.22,1.299703,-0.2965763986089119
La Opala R G Ltd.,Other consumer goods,INE059D01020,LAOPALA,31-12-2022,134.72,126.37,98.91,2.26,5.59,11.95,34.64,34.64,46.59,52.18,54.44,48.85,3.12,203.05,,374.45,111000000,4156.395,10.013514,37.394467,661,4166.515,43.38,0.849738,-0.2617559110787527
Lancer Container Lines Ltd.,Shipping transport services,INE359U01028,LANCER,31-12-2022,138.02,136.07,129.1,3.92,4.37,2.32,9.03,9.03,11.35,15.72,19.64,15.27,0.43,13.31,,184.5,60282240,1112.207328,7.277434,25.352344,1499,1108.797328,6.64,1.117947,-0.2678255080248566
Landmark Cars Ltd.,Wholesale trading,INE559R01029,LANDMARK,31-12-2022,126.14,124.22,124.13,1.62,7.64,4.21,13.55,13.55,17.76,25.4,27.02,19.38,3.67,506.05,,625.35,39592118,2475.893099,8.047056,77.711648,1685,2594.913099,116.56,0.969134,-0.23739051576619835
Larsen & Toubro Ltd.,Industrial construction,INE018A01030,LT,31-12-2022,28618.37,27785.41,27373.68,508.11,334.76,481.5,1825.44,1825.44,2306.94,2641.7,3149.81,2815.05,12.99,4074.2,,2125.1,1405364127,298653.930629,53.815804,39.4884,8749,126266.320629,63.05,1.108823,-0.2658631511792221
Latent View Analytics Ltd.,Diversified non-financial services,INE0I7C01011,LATENTVIEW,31-12-2022,90.98,68.46,53.62,0.69,1.91,9.69,37.36,37.36,47.05,48.96,49.65,47.74,1.85,480.6,,369.05,203134017,7496.660897,5.738576,64.310379,818,6790.910897,176.5,1.703154,-0.17902845447488475
Laurus Labs Ltd.,Drugs & pharmaceuticals,INE947Q01028,LAURUSLABS,31-12-2022,1503.68,1500.7,1202.99,39.26,78.48,71.29,199.05,199.05,270.34,348.82,388.08,309.6,3.71,1045.3,,330.4,538650925,17797.026562,16.304066,20.264884,10593,19409.566562,39.53,0.917086,-0.19195911292555537
Laxmi Organic Inds. Ltd.,Organic chemicals,INE576O01020,LXCHEM,31-12-2022,644.2,636.01,624.71,5.46,18.42,8.42,34.46,34.46,42.88,61.3,66.76,47.93,1.3,171.45,,266.4,265166424,7064.033535,4.559024,58.433564,3826,7010.613535,41.8,1.193965,-0.1787325857282407
Lemon Tree Hotels Ltd.,Hotels & restaurants,INE970X01018,LEMONTREE,31-12-2022,82.75,81.72,59.07,11.17,5.04,10.01,23.68,23.68,33.69,38.73,49.9,44.86,0.3,159.85,,76.4,792246464,6052.762985,0.566238,134.925613,4009,6544.972985,74.95,1.137418,-0.18801789305244987
Life Insurance Corpn. Of India,Insurance services,INE0J1Y01017,LICI,31-12-2022,203301.2,111787.6,190183.83,6.715,13.67,21.79,39.055,6334.2,13139.16,13139.16,13139.16,-6131.68,10.01,852.5,,653.6,6324997701,413401.849737,40.214987,16.252647,4922,5158.883983,22.59,0.58772,0.677920965378867
Linde India Ltd.,Inorganic chemicals,INE473A01011,LINDEINDIA,31-12-2022,724.7,697.0,615.07,1.11,48.11,33.13,113.19,113.19,146.32,194.43,195.54,147.43,13.27,5903.35,,3313.1,85284223,28255.515922,51.243945,64.653493,409,27291.955922,39.65,1.124869,-0.17966830745747447
Lloyds Engineering Works Ltd.,Other ferrous metal products,INE093R01011,LLOYDSENGG,31-12-2022,59.5,58.41,99.45,0.87,0.63,6.7,12.78,12.78,19.48,20.11,20.98,20.35,0.13,56.19,,23.2,988698382,2293.780246,0.343684,67.503833,4085,2307.360246,12.27,1.124645,-0.25482541344281856
Lloyds Enterprises Ltd.,Wholesale trading,INE080I01025,LLOYDSENT,31-12-2022,1.81,530.27,0.54,0.11,13.67,13.14,1.27,1.27,1.27,1.27,1.38,1.38,0.01,70.85,,8.95,1272126621,1138.553326,1.216467,7.357372,1371,251.043326,116.56,0.045653,-0.23739051576619835
Lloyds Metals & Energy Ltd.,Minerals,INE281B01032,LLOYDSME,31-12-2022,1029.4,999.62,771.78,21.02,5.69,13.14,230.03,230.03,230.03,235.72,256.74,251.05,5.19,1301.6,,290.1,444824220,12904.350622,15.921345,18.220822,2876,12989.070622,12.22,1.148733,-0.19527960896831384
Lodha Developers Ltd.,Housing construction,INE670K01029,LODHA,31-12-2022,1836.19,1670.58,1456.09,132.6,33.75,-28.88,380.1,380.1,351.22,384.97,517.57,483.82,3.98,1089.45,,1021.7,481745425,49219.930072,4.203673,243.049381,1014,48818.430072,83.37,0.751266,-0.2017080929626154
Ltimindtree Ltd.,Computer software,INE214T01019,LTIM,31-12-2022,8480.0,8325.8,7516.5,36.4,163.1,295.2,963.5,963.5,1258.7,1421.8,1458.2,1295.1,32.57,6196.15,,4368.9,295813429,129237.928996,167.805093,26.035563,2272,123852.828996,29.01,0.752471,-0.22129977102466347
Lumax Auto Technologies Ltd.,Other automobile ancillaries,INE872H01027,LUMAXTECH,31-12-2022,339.54,330.99,323.86,2.72,7.92,6.17,17.53,17.53,23.7,31.62,34.34,26.57,2.57,1540.4,,224.8,68157705,1532.185208,9.87856,22.756352,128,1522.285208,38.68,1.673361,-0.25847999501499275
Lumax Industries Ltd.,Other automobile ancillaries,INE162B01018,LUMAXIND,31-12-2022,580.74,579.42,574.03,7.76,19.81,8.29,21.77,21.77,30.06,49.87,57.63,37.82,23.29,5597.7,,1687.6,9347732,1577.523252,83.378514,20.240226,103,1961.443252,38.68,1.188036,-0.25847999501499275
Lupin Ltd.,Drugs & pharmaceuticals,INE326A01037,LUPIN,31-12-2022,2883.32,2861.11,2871.84,30.75,134.03,27.05,40.4,40.4,67.45,201.48,232.23,98.2,0.89,2125.7,,737.95,454875499,33567.537449,11.905895,61.9819,3692,34251.887449,39.53,0.706665,-0.19195911292555537
Lux Industries Ltd.,Readymade garments,INE150G01020,LUXIND,31-12-2022,461.35,457.92,383.31,6.54,4.61,7.39,19.62,19.62,27.01,31.62,38.16,33.57,6.52,1117.05,,1465.7,29987681,4395.294404,61.555277,23.811119,934,4581.074404,42.45,1.083991,-0.28546545647070276
M A S Financial Services Ltd.,Other fund based financial services,INE348L01012,MASFIN,31-12-2022,251.5,250.86,200.95,127.65,0.62,17.06,50.55,50.55,67.61,68.23,195.88,195.23,9.25,316.3,,791.5,54662043,4326.500703,34.301682,23.07467,590,7778.530703,33.67,1.194126,-0.23981065613779393
M M Forgings Ltd.,Castings & forgings,INE227C01017,MMFL,31-12-2022,366.64,361.08,344.35,7.61,17.3,13.25,33.86,33.86,47.11,64.41,72.02,54.72,14.03,366.4,,875.0,24140800,2112.32,43.627386,20.05621,97,2759.61,31.58,1.242195,-0.2665632139865167
M M T C Ltd.,Other fund based financial services,INE123F01029,MMTC,31-12-2022,114.11,6.12,37.39,6.715,1.13,13.14,72.06,72.06,72.06,73.19,73.19,-3.86,0.48,55.26,,34.25,1500000000,5137.5,-2.251533,30.7236545,1421,7625.77,116.56,1.313354,-0.23981065613779393
M O I L Ltd.,Minerals,INE490G01020,MOIL,31-12-2022,322.86,302.0,292.6,6.715,30.09,6.59,39.52,39.52,46.11,76.2,76.2,46.11,1.94,323.05,,165.4,203485211,3365.64539,14.797144,11.177833,1228,2301.49539,12.22,1.002071,-0.19527960896831384
M P S Ltd.,ITES,INE943D01017,MPSLTD,31-12-2022,78.76,75.26,55.49,0.23,2.98,7.76,23.27,23.27,31.03,34.01,34.24,31.26,13.6,1995.4,,986.6,17105816,1687.659807,46.28835,21.314218,560,1608.459807,7.17,1.136992,-0.22242282766628246
M R F Ltd.,Tyres & tubes,INE883A01011,MRF,31-12-2022,5604.9,5454.55,5432.4,80.17,314.91,54.28,169.22,169.22,223.5,538.41,618.58,303.67,399.0,153735.35,,90896.65,4241143,38550.569087,1347.891359,67.436184,486,39108.009087,47.38,0.811094,-0.16493441179989252
M S T C Ltd.,Diversified non-financial services,INE255X01014,MSTCLTD,31-12-2022,90.23,70.44,42.39,6.715,1.64,13.8,47.84,47.84,61.64,63.28,63.28,61.64,6.8,466.55,,297.25,70400000,2092.64,7.683239,38.688112,1658,1533.86,176.5,1.750964,-0.17902845447488475
M T A R Technologies Ltd.,Communication equipment,INE864I01014,MTARTECH,31-12-2022,165.98,160.17,158.51,3.86,4.72,10.66,31.72,31.72,42.38,47.1,50.96,46.24,10.31,2332.95,,1737.75,30759591,5345.247926,30.188958,57.562437,1477,5381.607926,32.45,1.927062,-0.14405235238570346
Magellanic Cloud Ltd.,Computer software,INE613C01026,MCLOUD,31-12-2022,14.92,13.99,10.16,3.38,0.74,2.19,4.76,4.76,6.95,7.69,11.07,10.33,1.7,26.47,,439.85,28086256,1235.37397,3.499932,125.673853,73,1233.40397,29.01,-0.203077,-0.22129977102466347
Mahanagar Gas Ltd.,Natural gas trading & distribution,INE002S01010,MGL,31-12-2022,1703.64,1671.39,1531.88,2.42,58.53,55.33,172.07,172.07,227.4,285.93,288.35,229.82,17.42,1148.95,,883.85,98777778,8730.473909,66.202137,13.350777,1692,7764.683909,26.49,1.02684,0.12937326070838082
Mahanagar Telephone Nigam Ltd.,Telecommunication services,INE153A01019,MTNL,31-12-2022,329.6,203.19,1107.62,592.21,178.04,13.14,-778.04,-778.04,-778.04,-600.0,-7.79,-185.83,-12.35,36.02,,23.85,630000000,1502.55,-46.173175,30.7236545,1758,28251.42,-19.34,1.310031,-0.01775097677186995
Maharashtra Scooters Ltd.,Other fund based financial services,INE288A01013,MAHSCOOTER,31-12-2022,8.71,7.47,6.39,6.715,0.51,1.08,3.01,3.01,4.09,4.6,4.6,4.09,2.63,14016.9,,4442.7,11428568,5077.369905,151.357545,29.352352,42,5072.859905,33.67,1.361517,-0.23981065613779393
Maharashtra Seamless Ltd.,Steel pipes & tubes,INE271B01025,MAHSEAMLES,31-12-2022,1355.36,1337.31,1112.26,8.68,34.16,40.68,167.74,167.74,208.42,242.58,251.26,217.1,12.52,554.6,,317.9,133999252,4259.836221,64.294389,4.944444,1231,4702.176221,31.67,1.080936,-0.2615999515821926
Mahindra & Mahindra Financial Services Ltd.,Auto finance services,INE774D01024,M&MFIN,31-12-2022,2903.3,2874.25,2274.35,1241.94,52.2,214.19,628.95,628.95,843.14,895.34,2137.28,2085.08,5.1,376.7,,232.85,1235529920,28769.314187,18.936571,12.296313,2142,81219.304187,16.83,1.788166,0.0660963646069473
Mahindra & Mahindra Ltd.,Diversified automobile,INE101A01026,M&M,31-12-2022,22323.75,21653.74,20025.69,68.56,829.16,429.56,1528.06,1528.06,1957.62,2786.78,2855.34,2655.06,12.76,3602.9,,1378.6,1243192544,171386.524116,50.614847,27.237068,8477,108833.724116,27.24,1.384105,2.2736130941399777
Mahindra Holidays & Resorts India Ltd.,Hotels & restaurants,INE998I01010,MHRIL,31-12-2022,363.22,315.05,300.44,7.66,34.9,21.71,62.78,62.78,84.49,119.39,127.05,92.15,3.14,309.0,,256.45,201205560,5159.916586,9.048458,28.341847,459,4949.856586,74.95,1.029241,-0.18801789305244987
Mahindra Lifespace Developers Ltd.,Housing construction,INE813A01018,MAHLIFE,31-12-2022,252.23,174.52,657.44,2.54,2.63,-3.18,59.93,59.93,56.75,59.38,61.92,-7.44,3.88,398.5,,347.9,154646150,5380.139559,-1.546757,30.7236545,740,5359.949559,83.37,1.025913,-0.2017080929626154
Mahindra Logistics Ltd.,Transport logistics services,INE766P01016,MAHLOG,31-12-2022,1147.88,1140.04,1131.04,11.54,43.38,4.88,16.84,16.84,21.72,65.1,76.64,30.56,2.34,314.65,,468.15,71977030,3369.604659,6.767437,69.176856,452,3483.864659,41.66,1.31554,-0.14794687699617792
Maithan Alloys Ltd.,Ferro alloys,INE683C01011,MAITHANALL,31-12-2022,736.56,683.86,638.08,0.32,3.63,14.0,54.55,54.55,68.55,72.18,72.5,68.87,18.74,938.8,,1044.05,29111550,3039.391378,227.01299,4.599076,832,2129.911378,8.79,1.355859,-0.32473947209863707
Man Infraconstruction Ltd.,Other construction & allied activities,INE949H01023,MANINFRA,31-12-2022,238.93,221.69,192.23,1.64,1.9,14.76,46.7,46.7,61.46,63.36,65.0,63.1,1.26,127.55,,73.5,371250405,2728.690477,3.937504,18.666647,554,2561.180477,-45.57,1.524132,-0.22243749499819718
Manali Petrochemicals Ltd.,Organic chemicals,INE201A01024,MANALIPETC,31-12-2022,213.27,205.3,215.72,3.14,5.51,-0.26,0.63,0.63,0.37,5.88,9.02,1.81,0.04,61.31,,77.1,171999229,1326.114056,6.830845,11.287038,1244,807.934056,41.8,1.737484,-0.1787325857282407
Manappuram Finance Ltd.,Other asset financing services,INE522D01027,MANAPPURAM,31-12-2022,1248.89,1242.9,930.57,398.25,42.42,112.51,318.32,318.32,430.83,473.25,871.5,829.08,3.76,292.45,,114.9,846394729,9725.075436,13.520996,8.497894,6185,26549.285436,27.82,1.564097,0.024683058054876778
Mangalore Refinery & Petrochemicals Ltd.,Refinery,INE103A01014,MRPL,31-12-2022,26667.43,26557.44,25898.04,586.12,297.98,-50.34,-187.96,-187.96,-238.3,59.68,645.8,295.13,-1.07,148.45,,57.6,1752598777,10094.968956,18.547086,3.105609,2832,31361.568956,47.49,1.06893,0.19851265422955744
Manorama Industries Ltd.,Dairy products,INE00VM01036,MANORAMA,31-12-2022,96.6,95.38,80.86,2.34,3.13,3.8,7.16,7.16,10.96,14.09,16.43,13.3,6.01,1342.4,,1003.0,11919810,1195.556943,22.248677,45.081333,276,1254.806943,-409.95,0.682814,-0.27220024585594227
Marico Ltd.,Vegetable oils & products,INE196A01026,MARICO,31-12-2022,1926.0,1891.0,1551.0,9.0,28.0,84.0,254.0,254.0,338.0,366.0,375.0,347.0,1.98,740.95,,498.35,1293019388,64437.621201,9.806504,50.818313,1458,58452.621201,51.57,0.514294,-0.1258329722967099
Marksans Pharma Ltd.,Drugs & pharmaceuticals,INE750C01026,MARKSANS,31-12-2022,188.46,172.75,161.74,0.85,4.18,8.89,25.62,25.62,34.51,38.69,39.54,35.36,0.63,182.85,,64.25,453163746,2911.577068,2.347275,27.372164,659,2704.177068,39.53,1.748034,-0.19195911292555537
Maruti Suzuki India Ltd.,Passenger vehicles,INE585B01010,MARUTI,31-12-2022,29905.1,29044.3,27738.8,29.6,710.1,602.9,2351.3,2351.3,2954.2,3664.3,3693.9,2983.8,77.84,16425.2,,8891.3,302080060,268588.443748,241.992139,36.742103,4237,264505.743748,36.8,1.254886,3.770201534056063
Mastek Ltd.,Computer software,INE759A01021,MASTEK,31-12-2022,94.31,81.04,75.23,0.06,2.95,10.72,19.08,19.08,29.8,32.75,32.81,29.86,6.34,2153.95,,1623.45,30413291,4937.445727,19.922211,81.489449,574,4891.595727,29.01,1.676636,-0.22129977102466347
Matrimony.Com Ltd.,Other miscellaneous services,INE866R01028,MATRIMONY,31-12-2022,119.55,108.56,108.24,1.45,7.1,2.08,11.31,11.31,13.39,20.49,21.94,14.84,5.08,519.05,,576.3,22255461,1282.582217,21.289157,27.070119,130,1139.882217,54.14,0.985845,-0.145995652592806
Max Financial Services Ltd.,Other fund based financial services,INE180A01020,MFSL,31-12-2022,16.99,16.98,11.65,0.04,0.75,1.89,5.34,5.34,7.23,7.98,8.02,7.27,0.15,1686.9,,835.55,345114771,28836.064691,0.317286,2633.430565,1669,28806.724691,33.67,0.92771,-0.23981065613779393
Max Healthcare Institute Ltd.,Health services,INE027H01010,MAXHEALTH,31-12-2022,526.01,482.16,406.43,12.51,28.01,34.91,122.14,122.14,157.05,185.06,197.57,169.56,1.26,1075.75,,441.1,970835453,42823.551832,3.294585,133.886359,2308,42993.291832,69.86,1.202242,-0.1320225855676107
Max Ventures & Inds. Ltd. [Merged],Other fund based financial services,INE154U01015,MAXVIL,31-12-2022,10.66,5.88,6.54,1.09,0.65,0.92,4.12,4.12,5.04,5.69,6.78,6.13,0.28,215.65,,146.15,147103626,2149.919494,0.516643,282.884144,156,1799.439494,33.67,1.194294,-0.23981065613779393
Mayur Uniquoters Ltd.,Other textiles,INE040D01038,MAYURUNIQ,31-12-2022,176.38,169.85,154.34,0.52,5.26,8.05,26.07,26.07,34.12,39.38,39.9,33.21,5.93,483.0,,414.1,43952600,1820.077166,21.523186,19.239716,135,1684.577166,34.41,1.22902,-0.1978037032812153
Mazagon Dock Shipbuilders Ltd.,Other transport equipment & ancillaries,INE249Z01020,MAZDOCK,31-12-2022,1991.75,1815.91,1654.49,1.48,18.36,114.47,337.26,337.26,451.73,470.09,471.57,453.21,16.72,2409.65,,793.1,201690000,15996.0339,42.855868,18.506217,6758,4549.5139,22.75,1.223355,-0.21305884132194208
Media Matrix Worldwide Ltd.,Production & distribution of films,INE200D01020,MMWL,31-12-2022,1.36,1.0,0.95,0.02,0.05,0.02,0.41,0.41,0.43,0.48,0.5,0.45,0.0,10.3,,12.9,1132742219,1461.237463,0.006974,1849.667674,136,1460.867463,-20.23,0.691661,4.980021422937316
Medplus Health Services Ltd.,Drugs & pharmaceuticals,INE804L01022,MEDPLUS,31-12-2022,61.31,57.24,62.41,1.79,4.24,1.16,0.62,0.62,1.78,6.02,7.81,3.57,0.15,820.25,,635.65,119305676,7583.665295,0.048615,13075.284991,318,7028.325295,39.53,1.102036,-0.19195911292555537
Meghmani Organics Ltd.,Pesticides,INE0CT101020,MOL,31-12-2022,577.82,553.84,533.91,43.33,15.83,8.28,17.93,17.93,26.21,42.04,85.37,69.54,0.7,61.66,,99.55,254314211,2531.697971,11.462592,8.684772,386,3021.047971,30.43,1.005088,-0.2787880162986381
Metro Brands Ltd.,Wholesale trading,INE317I01021,METROBRAND,31-12-2022,592.17,577.29,519.52,16.53,49.04,38.6,114.63,114.63,153.23,202.27,218.8,169.76,4.22,1148.5,,756.7,271729108,20561.741602,12.254852,61.746972,1205,20823.631602,116.56,1.283326,-0.23739051576619835
Metropolis Healthcare Ltd.,Health services,INE112L01020,METROPOLIS,31-12-2022,271.34,264.55,238.51,5.97,21.95,11.55,32.83,32.83,44.38,66.33,72.3,50.35,6.41,1885.85,,1343.9,51210664,6882.201135,27.906297,48.15759,749,7139.541135,69.86,0.723349,-0.1320225855676107
Minda Corporation Ltd.,Other automobile ancillaries,INE842C01021,MINDACORP,31-12-2022,872.61,869.3,837.34,10.36,26.97,14.65,40.78,40.78,55.43,82.4,92.76,66.16,1.71,596.85,,212.65,239079428,5084.024036,7.981866,26.641639,2318,5389.424036,38.68,1.639245,-0.25847999501499275
Mindtree Ltd. [Merged],Computer software,INE018I01017,MINDTREE,,541.385,530.27,505.885,6.715,13.67,13.14,39.055,39.475,52.35,71.16499999999999,83.03,65.66,3.42,3433.35,,3433.35,164955625,56635.039509,114.576269,29.965629,3736,53729.239509,28.99,0.875514,-0.22129977102466347
Mirza International Ltd.,Footwear,INE771A01026,MIRZAINT,31-12-2022,118.21,118.07,116.44,1.73,6.6,0.98,4.05,4.05,5.03,11.63,13.36,6.76,0.29,38.88,,242.1,120306000,2912.60826,3.234253,74.855005,2666,2956.01826,18.5,1.47083,0.011937000761641073
Mishra Dhatu Nigam Ltd.,Ferro alloys,INE099Z01011,MIDHANI,31-12-2022,240.36,231.49,227.83,7.16,13.58,15.32,38.5,38.5,53.82,67.4,74.56,60.98,2.06,296.75,,211.6,187340000,3964.1144,8.89399,23.791348,689,4261.3344,8.79,1.14853,-0.32473947209863707
Mold-Tek Packaging Ltd.,Plastic packaging goods,INE893J01029,MOLDTKPAC,31-12-2022,155.25,154.83,137.77,0.78,7.49,4.27,16.31,16.31,20.58,28.07,28.85,21.36,4.92,577.5,,1013.05,33132468,3356.484671,22.44626,45.13224,1224,3384.594671,32.14,1.078,-0.2431511669967358
Monte Carlo Fashions Ltd.,Wholesale trading,INE950M01013,MONTECARLO,31-12-2022,525.45,519.54,396.61,9.78,10.09,29.85,86.31,86.31,116.16,126.25,136.03,125.94,41.63,708.15,,646.35,20732064,1340.016957,58.272056,11.091937,379,1277.966957,116.56,1.216449,-0.23739051576619835
Morepen Laboratories Ltd.,Drugs & pharmaceuticals,INE083A01026,MOREPENLAB,31-12-2022,345.81,344.62,321.94,0.55,4.56,4.96,12.57,12.57,17.53,22.09,22.64,18.08,0.23,40.83,,28.9,511168708,1477.277566,0.940003,30.74459,2843,1595.117566,39.53,1.625883,-0.19195911292555537
Motherson Sumi Wiring India Ltd.,Other automobile ancillaries,INE0FS801015,MSUMI,31-12-2022,1687.52,1686.8,1612.52,6.51,31.68,35.32,106.16,106.16,141.48,173.16,179.67,147.99,0.24,47.67,,51.5,4421107932,22768.70585,1.040961,49.473525,3735,22758.20585,38.68,1.419163,-0.25847999501499275
Motilal Oswal Financial Services Ltd.,Other fee based financial services,INE338I01027,MOTILALOFS,31-12-2022,707.37,701.22,555.53,61.62,14.2,47.65,151.84,151.84,199.49,213.69,275.31,261.11,10.36,860.1,,680.7,147875116,10065.859146,39.131668,17.395118,865,11342.489146,15.88,1.22169,-0.1511257298155314
Mphasis Ltd.,Computer software,INE356A01018,MPHASIS,31-12-2022,2447.72,2418.89,2076.05,19.98,45.08,109.58,371.67,371.67,481.25,526.33,546.31,501.23,19.74,2891.6,,2071.8,188364036,39025.260978,71.63257,28.922598,2414,38532.980978,29.01,0.573737,-0.22129977102466347
Mrs. Bectors Food Specialities Ltd.,Bakery products,INE495P01020,BECTORFOOD,31-12-2022,344.65,341.7,326.41,3.6,12.64,7.85,23.79,23.79,31.64,44.28,47.88,35.24,4.05,239.85,,471.05,58817474,2770.597113,9.934123,47.417373,2276,2828.637113,60.29,1.378524,0.26079189161249283
Mukand Ltd.,Steel,INE304A01026,MUKANDLTD,31-12-2022,1354.02,1347.41,1379.11,50.37,13.65,3.38,16.64,16.64,20.02,33.67,84.04,70.5,1.15,131.75,,128.7,144495563,1859.657896,3.890777,33.078227,825,3694.947896,13.6,1.67451,-0.3195550430372759
Multi Commodity Exchange Of India Ltd.,Other fee based financial services,INE745G01035,MCX,31-12-2022,144.11,123.03,110.23,0.06,3.97,8.92,33.88,33.88,42.8,46.77,46.83,42.86,6.66,10305.6,,1519.6,50998369,7749.712153,32.004945,47.480163,1384,7531.732153,38.07,0.948309,-0.1511257298155314
Muthoot Finance Ltd.,Other asset financing services,INE414G01012,MUTHOOTFIN,31-12-2022,2667.11,2659.83,1765.46,914.13,14.75,305.1,901.65,901.65,1206.75,1221.5,2135.63,2120.88,22.46,3781.55,,1044.25,401447296,41921.133885,85.851618,12.163428,1782,85323.423885,27.82,1.048139,0.024683058054876778
N A C L Industries Ltd.,Pesticides,INE295D01020,NACLIND,31-12-2022,484.9,482.9,462.47,12.1,6.25,5.56,16.0,16.0,21.56,27.81,39.91,33.66,0.81,153.75,,102.75,198390472,2038.4621,3.599467,28.545891,722,2437.3321,30.43,1.262023,-0.2787880162986381
N B C C (India) Ltd.,Business services & consultancy,INE095N01031,NBCC,31-12-2022,1633.32,1586.68,1565.68,6.715,0.44,21.63,48.52,48.52,70.15,70.59,70.59,69.4,0.27,113.6,,36.65,1800000000,6597.0,0.452833,80.934855,2606,4259.22,60.13,1.658355,-0.22231802174705587
N C C Ltd.,Infrastructural construction,INE868B01028,NCC,31-12-2022,3430.07,3372.66,3280.19,137.78,50.91,67.65,149.88,149.88,217.53,268.44,406.22,355.31,2.41,155.95,,90.1,627846588,5656.897758,7.797287,11.555301,2967,6448.487758,-7779.86,2.086405,-0.2879215797575277
N H P C Ltd.,Conventional electricity,INE848E01016,NHPC,31-12-2022,2521.27,2272.2,1739.61,120.23,288.04,-13.61,781.66,781.66,768.05,1056.09,1176.32,888.28,0.78,76.56,,43.9,10045034805,44097.702794,3.459321,12.690352,3482,68457.172794,12.17,0.580855,-0.03716679162073462
N I I T Ltd.,Computer software,INE161A01038,NIITLTD,31-12-2022,55.42,42.73,51.39,0.18,2.72,-2.18,4.03,2.93,0.75,3.47,3.65,2.29,0.22,86.75,,326.15,134556194,4388.550267,0.538065,606.153352,3122,3492.250267,29.01,1.18217,-0.22129977102466347
N L C India Ltd.,Conventional electricity,INE589A01014,NLCINDIA,31-12-2022,3518.54,2812.21,3863.25,169.14,365.81,30.44,-398.84,-398.84,-368.4,-2.59,166.55,-551.23,-2.88,238.9,,78.15,1386636609,10836.565099,3.696715,21.140392,1020,20868.655099,12.17,0.657887,-0.03716679162073462
N M D C Ltd.,Minerals,INE584A01023,NMDC,31-12-2022,3907.86,3719.99,3309.42,29.93,83.6,327.62,890.09,889.86,1217.4,1301.0,1330.93,1247.64,3.04,76.26,,123.2,2930605850,36105.064072,18.350677,6.713649,14710,30500.864072,12.22,1.224924,-0.19527960896831384
N R B Bearings Ltd.,General purpose machinery,INE349A01021,NRBBEARING,31-12-2022,260.77,249.01,254.23,4.8,9.31,8.34,20.73,20.73,29.07,38.38,43.18,33.87,2.14,280.15,,145.0,96922600,1405.3777,7.940357,18.261145,669,1631.5177,40.23,1.491255,-0.22094579296060995
N T P C Ltd.,Conventional electricity,INE733E01010,NTPC,31-12-2022,42148.86,41410.52,37672.61,2874.44,3312.12,1581.23,4476.25,4476.25,6057.48,9369.6,12244.04,8931.92,4.62,319.9,,171.15,9696666134,165958.440883,15.620771,10.956566,7411,348467.870883,12.17,0.788532,-0.03716679162073462
Narayana Hrudayalaya Ltd.,Health services,INE410P01011,NH,31-12-2022,746.92,736.86,688.93,12.27,38.4,31.45,58.39,58.39,89.84,128.24,140.51,102.11,2.88,1907.9,,726.25,204360804,14841.70339,11.240903,64.607798,524,15263.54339,69.86,0.709294,-0.1320225855676107
Natco Pharma Ltd.,Drugs & pharmaceuticals,INE987B01026,NATCOPHARM,31-12-2022,431.6,413.0,413.1,3.0,38.1,7.7,37.3,37.3,45.0,83.1,86.1,48.0,2.04,917.9,,533.15,182557165,9733.035252,15.282884,34.885431,1308,9927.035252,39.53,0.819142,-0.19195911292555537
National Aluminium Co. Ltd.,Aluminium & aluminium products,INE139A01034,NATIONALUM,31-12-2022,3357.71,3297.19,3205.52,4.23,157.06,90.95,273.85,273.85,364.8,521.86,526.09,369.03,1.49,278.6,,83.35,1836631787,15308.325945,11.424228,7.295898,3090,11676.145945,20.25,1.16328,-0.09103593093122561
National Fertilizers Ltd.,Fertilisers,INE870D01012,NFL,31-12-2022,10173.45,10137.34,9282.41,94.11,89.63,200.77,588.62,588.62,789.39,879.02,973.13,880.44,12.0,85.93,,68.3,490578400,3350.650472,15.821936,4.316792,6333,6497.010472,10.11,1.291656,-0.2984772216688546
National Standard (India) Ltd.,Diversified,INE166R01015,,31-12-2022,8.55,5.8,5.31,6.715,13.67,1.55,3.24,3.24,4.79,4.79,4.79,4.79,1.62,1253.75,,5646.15,20000000,11292.3,3.91,1444.028133,140,11260.82,35.94,0.485886,-0.18790891179554034
Nava Ltd.,Ferro alloys,INE725A01030,NAVA,31-12-2022,346.59,335.18,302.15,3.19,7.97,10.06,23.11,23.84,34.14,42.11,45.3,36.36,1.64,577.25,,232.0,145100638,3366.334802,22.023335,10.534281,2368,3310.904802,8.79,1.298756,-0.32473947209863707
Navin Fluorine Intl. Ltd.,Inorganic chemicals,INE048G01026,NAVINFLUOR,31-12-2022,433.19,423.5,358.82,0.69,12.21,23.12,81.58,81.58,104.7,116.91,117.6,105.39,16.46,5843.8,,3950.0,49570715,19580.432425,59.571463,66.306916,614,19515.572425,39.65,1.016861,-0.17966830745747447
Navneet Education Ltd.,Books & cards,INE060A01024,NAVNETEDUL,31-12-2022,269.34,259.24,307.15,1.86,8.37,7.02,24.47,24.47,31.49,39.86,41.72,26.83,1.08,143.65,,111.25,226213181,2516.621639,9.84779,11.29695,347,2581.261639,17.09,0.861858,-0.3247668734322557
Nazara Technologies Ltd.,Other fund based financial services,INE418L01047,NAZARA,31-12-2022,12.8,5.8,10.6,6.715,0.7,0.3,2.2,2.2,2.5,3.2,3.2,2.4,0.35,228.1,,591.65,66174092,3915.190153,-1.199865,30.7236545,2025,3528.390153,35.94,0.652436,-0.23981065613779393
Nelco Ltd.,Telecommunication services,INE045B01015,NELCO,31-12-2022,52.79,51.91,46.94,0.87,2.68,2.37,5.85,5.85,8.22,10.9,11.77,9.09,2.57,733.25,,630.1,22818400,1437.787384,6.08281,103.586987,1484,1461.427384,-19.34,1.633338,-0.01775097677186995
Neogen Chemicals Ltd.,Organic chemicals,INE136S01016,NEOGEN,31-12-2022,187.65,186.25,192.03,6.66,4.14,6.03,14.71,14.71,20.74,24.88,31.54,27.4,5.89,1078.8,,1229.05,24939316,3065.166633,20.606018,59.645196,223,3200.546633,41.8,0.921537,-0.1787325857282407
Nesco Ltd.,Business services & consultancy,INE317F01035,NESCO,31-12-2022,162.18,142.83,91.44,2.81,8.26,20.05,70.08,70.08,90.13,98.39,101.2,92.94,9.95,1239.35,,581.8,70459960,4099.360473,36.634991,15.880992,623,4093.390473,60.13,0.86608,-0.22231802174705587
Nestle India Ltd.,Processed foods,INE239A01024,NESTLEIND,31-12-2022,4295.87,4256.79,3847.31,44.83,98.66,231.01,628.06,628.06,859.07,957.73,1002.56,907.79,6.51,1243.45,,19015.55,96415716,183339.786838,250.341967,75.958299,482,181855.396838,67.56,0.578943,-0.13872794997574678
Network18 Media & Invst. Ltd.,Business services & consultancy,INE870H01013,NETWORK18,31-12-2022,53.66,50.78,101.58,35.13,1.14,13.14,-47.92,-47.92,-47.92,-46.78,-11.65,-12.79,-0.46,41.88,,61.45,1046948519,6433.498649,-1.503321,30.7236545,1156,2313.018649,60.13,1.364834,-0.22231802174705587
Neuland Laboratories Ltd.,Drugs & pharmaceuticals,INE794A01010,NEULANDLAB,31-12-2022,270.18,269.25,266.18,2.74,13.34,8.36,30.44,30.44,38.8,52.14,54.88,41.54,23.72,16067.0,,1481.45,12829889,1900.683906,79.68892,18.590414,552,2137.413906,39.53,1.223355,-0.19195911292555537
New Delhi Television Ltd.,Media-broadcasting,INE155G01029,NDTV,31-12-2022,62.1,56.94,57.49,1.71,4.5,13.14,4.61,4.61,4.61,9.11,10.82,6.54,0.71,88.63,,246.85,64471267,1591.473226,2.771777,89.058379,5629,1616.003226,18.65,0.407209,-0.31204317365713524
New India Assurance Co. Ltd.,Insurance services,INE470Y01017,NIACL,31-12-2022,10521.52,7861.09,9773.01,6.715,13.67,165.81,39.055,748.51,914.32,914.32,914.32,165.81,4.54,155.9,,118.85,1648000000,19586.48,2.266141,52.445992,1854,5158.883983,22.59,0.964036,0.677920965378867
Newgen Software Technologies Ltd.,Computer software,INE619B01017,NEWGEN,31-12-2022,244.12,234.9,198.34,0.99,5.64,12.74,45.78,45.78,58.52,64.16,65.15,59.51,3.29,828.5,,426.55,69955701,2983.960426,21.006151,20.305957,548,2721.240426,29.01,1.062201,-0.22129977102466347
Nilkamal Ltd.,"Plastic furniture, floorings & miscellaneous items",INE310A01015,NILKAMAL,31-12-2022,739.49,737.42,703.83,9.16,28.74,9.12,28.42,28.42,37.54,66.28,75.44,46.7,19.04,1407.4,,1880.85,14922525,2806.703115,65.565312,28.686663,61,3099.783115,52.52,1.147381,-0.21696835575475118
Nippon Life India Asset Mgmt. Ltd.,Asset management services (mutual funds),INE298J01013,NAM-INDIA,31-12-2022,388.97,330.39,190.49,1.06,7.56,60.96,198.48,198.48,259.44,267.0,268.06,260.5,3.19,888.45,,249.0,623175443,15517.068531,11.009901,22.616007,1860,15304.108531,24.98,1.329125,-0.16490924722718592
Nirlon Ltd.,Business services & consultancy,INE910A01012,NIRLON,31-12-2022,144.31,143.72,90.77,26.94,13.39,24.71,53.54,53.54,78.25,91.64,118.58,105.19,5.94,501.9,,356.85,90118040,3215.862257,13.928399,25.620318,38,4294.062257,60.13,0.487064,-0.22231802174705587
Nitin Spinners Ltd.,Cotton & blended yarn,INE229H01012,NITINSPIN,31-12-2022,537.49,537.2,501.68,7.41,21.82,-0.4,31.58,31.58,31.18,53.0,60.41,38.59,5.62,321.0,,204.6,56220000,1150.2612,37.479545,5.458978,594,1838.2012,18.07,1.474538,-0.34354770889024955
Nocil Ltd.,Other chemical products,INE163A01018,NOCIL,31-12-2022,327.84,325.72,347.67,0.3,13.84,6.37,18.76,18.76,25.13,38.97,39.27,25.44,1.13,155.1,,208.85,166633855,3480.148062,11.399844,18.320426,1248,3434.688062,37.65,1.503987,-0.24540235502819857
Novartis India Ltd.,Wholesale trading,INE234A01025,NOVARTIND,31-12-2022,88.53,80.17,68.1,0.46,1.3,4.41,7.61,7.61,12.02,13.32,13.78,14.87,3.08,788.9,,638.1,24690797,1575.519757,31.453015,20.287404,120,1081.079757,116.56,0.768984,-0.23739051576619835
Nuvoco Vistas Corporation Ltd.,Cement,INE118D01016,NUVOCO,31-12-2022,2125.62,2096.61,2223.59,94.12,175.34,-15.58,-26.24,-26.24,-41.82,133.52,227.64,48.17,-0.73,361.4,,361.4,357156153,12907.623369,-1.901409,30.7236545,707,16357.033369,48.83,1.125718,-0.2010629948632316
Oberoi Realty Ltd.,Housing construction,INE093I01010,OBEROIRLTY,31-12-2022,393.99,374.02,265.28,18.87,6.74,67.57,211.32,211.32,278.89,285.63,304.5,297.76,5.81,1674.75,,821.25,363602237,29860.833714,16.575256,49.546747,2033,31063.943714,83.37,1.125718,-0.2017080929626154
Oil & Natural Gas Corpn. Ltd.,Crude oil & natural gas,INE213A01029,ONGC,31-12-2022,40473.87,38583.29,28915.59,689.5,4854.51,4106.55,11044.73,11044.73,15151.28,20005.79,20695.29,15361.54,8.78,232.65,,144.75,12580279206,182099.541507,38.153923,3.793843,8340,156801.951507,3.78,1.102103,-0.0029742484472342345
Oil India Ltd.,Crude oil & natural gas,INE274J01014,OIL,31-12-2022,5478.38,5373.19,3672.72,200.96,453.58,556.83,1746.1,1746.1,2302.93,2756.51,2957.47,2503.89,16.1,404.95,,232.8,1084405194,25244.952916,68.237039,3.411637,2228,29550.072916,3.78,0.912948,-0.0029742484472342345
Olectra Greentech Ltd.,Commercial vehicles,INE260D01016,OLECTRA,31-12-2022,250.12,248.64,232.92,8.06,6.58,4.32,12.98,12.98,17.3,23.88,31.94,25.36,1.58,1175.85,,472.65,82080737,3879.546034,7.853243,60.185325,2098,3862.496034,121.56,1.636715,0.05533662095510988
Omaxe Ltd.,Housing construction,INE800H01010,OMAXE,31-12-2022,147.1,142.36,131.49,25.75,14.11,-12.94,-41.56,-41.56,-54.5,-40.39,-14.64,-28.75,-2.27,65.94,,66.6,182900540,1218.117596,-8.676847,30.7236545,113,2056.617596,83.37,0.192257,-0.2017080929626154
One 97 Communications Ltd.,Telecommunication services,INE982J01020,PAYTM,31-12-2022,1654.2,1573.9,2089.9,5.2,119.6,13.14,-435.7,-435.7,-435.7,-316.1,-310.9,-397.6,-7.0,1336.8,,531.0,635412741,33740.416547,-36.355897,30.7236545,2254,25787.216547,-19.34,1.688325,-0.01775097677186995
Optiemus Infracom Ltd.,Wholesale trading,INE350C01017,OPTIEMUS,31-12-2022,153.45,148.32,148.68,0.63,0.01,1.66,7.09,7.09,8.75,8.76,9.39,6.6,0.82,511.75,,283.6,85857191,2434.909937,-0.434442,30.7236545,1222,2446.779937,116.56,1.345643,-0.23739051576619835
Oracle Financial Services Software Ltd.,Computer software,INE881D01027,OFSS,31-12-2022,1133.8,1083.11,703.36,0.78,14.52,137.61,430.44,430.44,568.05,582.57,583.35,568.83,49.83,7811.15,,3049.15,86390297,26341.69741,204.829716,14.886268,343,22987.06741,29.01,0.706133,-0.22129977102466347
Orchid Pharma Ltd.,Drugs & pharmaceuticals,INE191A01027,ORCHPHARMA,31-12-2022,168.69,159.76,143.11,7.68,8.18,13.14,6.73,6.73,6.73,14.91,22.59,14.41,1.65,786.25,,344.3,40816400,1405.308652,-14.807773,30.7236545,12,1737.508652,39.53,1.95673,-0.19195911292555537
Orient Cement Ltd.,Cement,INE876N01018,ORIENTCEM,31-12-2022,733.42,732.29,710.26,9.72,37.09,17.13,27.52,27.52,44.65,81.74,91.46,54.37,1.34,161.85,,123.15,204868760,2522.958779,6.078037,20.261474,1724,2785.268779,48.83,1.463292,-0.2010629948632316
Orient Electric Ltd.,Wholesale trading,INE142Z01019,ORIENTELEC,31-12-2022,747.65,739.04,708.85,6.03,13.86,11.02,32.56,32.56,43.58,57.44,63.47,49.61,1.53,182.4,,264.05,212785578,5618.603187,4.606515,57.320987,727,5520.903187,116.56,1.011617,-0.23739051576619835
Oriental Aromatics Ltd.,Other chemical products,INE959C01023,OAL,31-12-2022,200.03,199.42,215.83,4.19,4.95,1.73,4.11,4.11,5.84,10.79,14.98,10.03,1.22,298.9,,383.45,33653576,1290.446372,10.14751,37.787595,174,1423.066372,37.65,1.191821,-0.24540235502819857
Oriental Hotels Ltd.,Hotels & restaurants,INE750A01020,ORIENTHOT,31-12-2022,110.77,105.24,92.1,5.08,5.83,7.79,18.67,18.67,26.46,32.29,37.37,31.54,1.05,100.8,,67.8,178599180,1210.90244,2.112552,32.093889,809,1409.11244,74.95,1.283326,-0.18801789305244987
Orissa Minerals Development Co. Ltd.,Minerals,INE725E01024,ORISSAMINE,31-12-2022,8.92,7.91,17.61,5.51,0.55,0.01,-8.89,-8.89,-8.88,-8.33,-2.82,-3.37,-14.82,4641.65,,2874.4,6000000,1724.64,-46.0,30.7236545,90,2014.55,12.22,1.605494,-0.19527960896831384
P B Fintech Ltd.,Other fund based financial services,INE417T01026,POLICYBZR,31-12-2022,77.03,31.99,79.37,0.21,0.94,13.14,-2.34,-2.34,-2.34,-1.4,-1.19,-2.13,-0.05,1889.15,,429.25,450116349,19321.244281,-3.322919,30.7236545,3689,15027.034281,33.67,1.322492,-0.23981065613779393
P C B L Chemical Ltd.,Inorganic chemicals,INE602A01031,PCBL,31-12-2022,1470.99,1463.16,1390.1,14.98,33.0,28.01,100.17,100.17,128.18,161.18,176.16,143.16,2.65,307.05,,119.85,377462604,4523.889309,11.468951,10.449953,4077,5043.749309,39.65,1.523385,-0.17966830745747447
P C Jeweller Ltd.,Gems & jewellery,INE785M01021,PCJEWELLER,31-12-2022,863.11,829.06,940.58,125.0,6.7,-0.33,-64.17,-64.17,-64.5,-57.8,67.2,54.74,-1.38,9.97,,50.5,465403896,2350.289675,-3.592364,30.7236545,440,2402.169675,72.03,1.68841,-0.24549709367323447
P D S Ltd.,Wholesale trading,INE111Q01021,PDSL,31-12-2022,158.57,126.0,120.11,0.17,1.49,2.07,38.46,38.46,40.53,42.02,42.19,40.7,2.95,383.05,,315.8,130817370,4131.212545,8.07538,39.106518,232,4081.022545,116.56,0.739047,-0.23739051576619835
P G Electroplast Ltd.,"Plastic furniture, floorings & miscellaneous items",INE457L01029,PGEL,31-12-2022,283.43,282.1,259.55,5.33,5.02,3.1,9.6,9.6,12.7,17.72,23.05,18.03,4.48,581.85,,1084.55,22742617,2466.550527,22.222596,48.803928,467,2756.620527,52.52,1.800066,-0.21696835575475118
P I Industries Ltd.,Pesticides,INE603J01030,PIIND,31-12-2022,1619.0,1570.9,1208.1,8.6,55.6,41.1,352.7,352.7,393.8,449.4,458.0,410.8,23.24,3248.35,,2998.95,151718118,45499.504998,75.56118,39.689031,1587,43467.104998,30.43,0.918556,-0.2787880162986381
P N B Gilts Ltd.,Other fund based financial services,INE859A01011,PNBGILTS,31-12-2022,296.59,296.55,290.5,251.38,0.33,5.44,6.09,6.09,11.53,11.86,263.24,262.91,0.34,77.97,,62.85,180010134,1131.363692,-2.748179,30.7236545,361,15610.923692,33.67,1.277164,-0.23981065613779393
P N B Housing Finance Ltd.,Housing finance services,INE572E01012,PNBHOUSING,31-12-2022,1805.22,1787.22,1532.97,996.64,12.55,114.68,272.25,272.25,386.93,399.48,1396.12,1417.99,16.14,926.3,,555.0,168793264,9368.026152,55.819171,9.942821,1975,58691.656152,33.51,1.560652,-0.16633546810173813
P N C Infratech Ltd.,Infrastructural construction,INE195J01029,PNCINFRA,31-12-2022,1636.74,1626.97,1507.33,16.2,27.76,44.26,129.41,129.41,173.67,201.43,217.63,190.07,5.04,253.45,,328.3,256539165,8422.180787,23.141106,14.186876,1327,8302.090787,-7779.86,1.596288,-0.2879215797575277
P S P Projects Ltd.,Housing construction,INE488V01015,PSPPROJECT,31-12-2022,503.87,497.39,453.21,10.13,9.85,12.86,35.3,35.3,48.16,58.01,68.14,58.29,9.81,861.65,,707.6,36000000,2547.36,38.227778,18.5101,668,2483.71,83.37,1.056313,-0.2017080929626154
P T C India Ltd.,Wholesale trading,INE877F01012,PTC,31-12-2022,2893.88,2887.89,2815.96,7.21,0.91,27.27,77.92,77.92,105.19,106.1,113.31,112.4,2.63,154.35,,96.0,296008321,2841.679882,12.466204,7.700821,4504,2524.179882,116.56,1.102993,-0.23739051576619835
P T C Industries Ltd.,Castings & forgings,INE596F01018,PTCIL,31-12-2022,60.97,56.77,60.82,3.95,4.13,1.44,4.41,4.41,5.85,9.98,13.93,9.8,3.34,17489.95,,2458.55,13382257,3290.094795,12.180307,201.846306,191,3477.914795,31.58,0.829062,-0.2665632139865167
P V R Inox Ltd.,Exhibition of films,INE191H01014,PVRINOX,31-12-2022,859.0,839.2,846.1,126.7,151.6,8.5,12.9,12.9,21.4,173.0,299.7,148.1,2.12,1061.35,,1699.25,61251085,10408.090619,-14.79484,30.7236545,1561,15390.730619,-103.26,1.413131,-0.18104269004538415
Page Industries Ltd.,Readymade garments,INE761H01022,PAGEIND,31-12-2022,1201.65,1200.01,1263.89,9.96,19.97,40.73,123.73,123.73,164.46,184.43,194.39,174.42,110.93,35766.75,,40042.4,11153874,44662.788426,611.733645,65.457246,185,44489.228426,42.45,0.883964,-0.28546545647070276
Paisalo Digital Ltd.,Other fund based financial services,INE420C01059,PAISALO,31-12-2022,110.2,110.2,82.41,45.21,0.82,9.13,27.79,27.79,36.92,37.74,82.95,82.13,0.62,35.71,,75.2,449021990,3376.645365,1.899462,39.590167,162,4848.445365,33.67,1.112501,-0.23981065613779393
Panama Petrochem Ltd.,Refinery,INE305C01029,PANAMAPET,31-12-2022,434.79,433.73,395.6,4.27,1.57,13.63,39.91,39.91,53.54,55.11,59.38,57.81,6.6,277.3,,323.8,60493598,1958.782703,30.565218,10.593741,250,1839.462703,47.49,1.858516,0.19851265422955744
Paradeep Phosphates Ltd.,Fertilisers,INE088F01024,PARADEEP,31-12-2022,4403.97,4398.43,4158.33,87.35,47.08,62.04,180.82,180.82,242.86,289.94,377.29,330.21,2.22,155.45,,62.75,814497619,5110.972559,3.958882,15.850434,6566,7527.422559,10.11,0.706665,-0.2984772216688546
Paras Defence & Space Technologies Ltd.,Communication equipment,INE045601023,PARAS,31-12-2022,65.63,60.12,57.4,3.64,2.69,3.83,10.51,10.51,14.34,17.03,20.67,17.98,2.69,639.15,,554.15,39000061,2161.18838,9.62819,57.55495,2152,2118.87838,34.93,1.296843,-0.14405235238570346
Patanjali Foods Ltd.,Vegetable oils & products,INE619A01035,PATANJALI,31-12-2022,7963.75,7926.64,8016.16,18.94,42.75,74.28,269.19,269.19,343.47,386.22,405.16,362.41,7.46,560.15,,1035.8,361994853,37495.426874,23.643154,43.809722,3678,39328.426874,51.57,-0.338888,-0.1258329722967099
Paushak Ltd.,Other chemical products,INE111F01024,PAUSHAKLTD,31-12-2022,58.7,55.76,42.57,0.04,3.4,4.87,15.02,15.02,19.89,23.29,23.33,18.23,48.73,594.1,,7832.85,3082114,2414.173664,165.14639,47.429738,364,2393.023664,37.65,1.284588,-0.24540235502819857
Persistent Systems Ltd.,Computer software,INE262H01021,PERSISTENT,31-12-2022,1335.53,1307.23,1152.78,3.53,34.17,58.97,182.75,182.75,241.72,275.89,279.42,245.25,23.91,6359.0,,4682.75,76425000,35787.916875,94.204776,49.708202,3745,35233.516875,29.01,0.712695,-0.22129977102466347
Petronet L N G Ltd.,Natural gas trading & distribution,INE347G01014,PETRONET,31-12-2022,15959.74,15775.87,14779.2,81.35,192.32,405.02,1180.54,1180.54,1585.56,1777.88,1859.23,1587.63,7.87,273.75,,217.35,1500000088,32602.501913,21.850932,9.946944,1014,29714.451913,26.49,0.691644,0.12937326070838082
Pfizer Ltd.,Drugs & pharmaceuticals,INE182A01018,PFIZER,31-12-2022,649.16,621.75,451.1,3.84,26.34,50.02,150.66,150.66,200.68,227.02,230.86,204.52,32.93,5099.2,,3871.85,45747732,17712.835614,91.766298,42.192505,1146,16236.465614,39.53,0.44999,-0.19195911292555537
Phoenix Mills Ltd.,Business services & consultancy,INE211B01039,PHOENIXLTD,31-12-2022,131.55,123.88,77.22,17.04,8.39,14.38,54.33,54.33,68.71,77.1,94.14,85.75,3.04,1832.2,,1367.45,178584456,24420.531436,13.814752,98.984765,1036,25058.551436,60.13,0.851611,-0.22231802174705587
Pidilite Industries Ltd.,Other chemical products,INE318A01026,PIDILITIND,31-12-2022,2712.91,2709.7,2390.99,10.09,57.49,107.15,296.26,296.26,403.41,460.9,470.99,413.5,5.83,1459.3,,2280.5,508313035,115920.787632,23.79636,95.833984,4698,115773.547632,37.65,0.78701,-0.24540235502819857
Pilani Investment & Inds. Corpn. Ltd.,Other fund based financial services,INE417C01014,PILANIINVS,31-12-2022,53.15,52.37,20.0,13.01,0.07,5.53,33.15,33.15,38.68,38.75,51.76,51.03,29.94,5154.85,,1785.0,11072250,1976.396625,151.811962,11.757967,37,3037.946625,33.67,0.948818,-0.23981065613779393
Piramal Enterprises Ltd.,Other fund based financial services,INE140A01024,PEL,31-12-2022,3946.05,3763.21,1053.85,164.54,8.47,230.55,2892.2,2892.2,3122.75,3131.22,3295.76,3115.15,121.18,1124.6,,859.6,238663700,20515.531652,115.18132,7.463016,4033,27399.721652,33.67,1.764235,-0.23981065613779393
Piramal Pharma Ltd.,Drugs & pharmaceuticals,INE0DK501011,PPLPHARMA,31-12-2022,867.17,813.29,895.95,33.22,47.19,3.16,-2.42,-2.42,0.74,47.93,81.15,33.96,-0.02,171.1,,104.9,1193318500,12517.911065,1.058561,99.096826,2603,13553.951065,39.53,1.004666,-0.19195911292555537
Pokarna Ltd.,Granite,INE637C01025,POKARNA,31-12-2022,9.06,8.52,12.43,1.08,2.05,-0.19,-3.79,-3.79,-3.98,-1.93,-0.85,-3.39,-1.22,849.8,,371.8,31004000,1152.72872,-1.732035,30.7236545,2065,1197.29872,-73.87,1.268059,-0.28915420428440186
Polo Queen Indl. & Fintech Ltd.,Wholesale trading,INE689M01025,,31-12-2022,19.1,19.1,18.35,0.43,0.07,0.19,0.63,0.63,0.82,0.89,1.32,1.25,0.02,31.96,,46.65,335750000,1566.27375,0.075652,616.643209,51,1582.28375,116.56,1.095787,-0.23739051576619835
Poly Medicure Ltd.,Miscellaneous manufactured articles,INE205C01021,POLYMED,31-12-2022,286.09,271.74,239.9,4.73,13.62,16.6,47.54,47.54,64.14,77.76,82.49,69.05,4.95,1810.6,,894.75,95944342,8584.62,16.576277,53.977741,877,8668.26,53.2,0.674069,-0.12882153872407026
Polycab India Ltd.,Wires & cables,INE455K01017,POLYCAB,31-12-2022,3704.63,3665.0,3346.59,8.14,51.57,117.76,356.86,356.86,474.62,526.19,534.33,482.76,23.84,7438.3,,2920.5,149728505,43728.209885,75.861306,38.497887,4890,42672.529885,29.86,1.063621,-0.19300179388073796
Polyplex Corporation Ltd.,Plastic films & flexible packaging,INE633B01018,POLYPLEX,31-12-2022,523.02,369.55,382.94,2.11,12.33,0.52,147.51,147.51,148.03,160.36,162.47,150.14,46.99,806.15,,1528.25,31392462,4797.553005,156.359192,9.77397,792,3955.473005,7.64,1.398938,-0.3348941152618447
Poonawalla Fincorp Ltd.,Auto finance services,INE511C01022,POONAWALLA,31-12-2022,565.36,501.37,414.94,159.29,15.82,51.4,150.42,150.42,201.82,217.64,376.93,315.06,1.97,448.25,,297.25,765375992,22750.801362,-4.864668,30.7236545,2632,28987.061362,16.83,2.057401,0.0660963646069473
Power Finance Corpn. Ltd.,Infrastructure finance services,INE134E01011,PFC,31-12-2022,10500.68,10355.23,7495.75,6259.21,5.01,685.34,3004.93,3004.93,3690.27,3695.28,9954.49,9813.2,9.11,338.8,,141.5,2640081408,37357.151923,39.824605,3.55308,3530,353532.871923,4.31,1.221982,0.14377853673898083
Power Grid Corpn. Of India Ltd.,Electricity transmission,INE752E01010,POWERGRID,31-12-2022,11588.62,10559.4,7944.82,3027.18,3283.85,365.46,3643.8,3701.65,4072.42,7356.27,10383.45,6962.68,3.98,263.55,,216.35,6975452864,150913.922713,21.149136,10.229732,4257,283427.272713,10.24,0.554159,1.9149730290006082
Power Mech Projects Ltd.,Industrial construction,INE211R01019,POWERMECH,31-12-2022,896.01,893.68,844.53,24.14,9.78,18.75,51.28,51.28,70.03,79.81,103.95,94.17,34.43,2319.2,,1884.25,14906357,2808.730318,124.752144,15.103949,938,3245.500318,63.05,1.300994,-0.2658631511792221
Praj Industries Ltd.,Industrial construction,INE074A01025,PRAJIND,31-12-2022,814.34,806.56,787.04,0.61,6.35,21.05,55.68,55.68,76.73,83.08,83.69,77.34,3.03,343.05,,343.25,183713088,6305.951746,13.319138,25.771187,1363,5850.551746,63.05,1.427304,-0.2658631511792221
Prakash Industries Ltd.,Steel,INE603A01013,PRAKASH,31-12-2022,763.73,760.78,726.02,20.92,38.19,0.0,45.27,45.27,45.27,83.46,104.38,66.19,2.53,131.95,,68.4,179081839,1224.919779,10.218792,6.693551,2299,1578.119779,13.6,2.035085,-0.3195550430372759
Prataap Snacks Ltd.,Processed foods,INE393P01035,DIAMONDYD,31-12-2022,428.16,426.45,421.54,1.59,15.06,3.2,5.24,5.24,8.44,23.5,25.09,10.03,2.2,1137.65,,852.6,23453036,1999.605849,-7.120613,30.7236545,36,1980.445849,67.56,0.649482,-0.13872794997574678
Precision Wires India Ltd.,Wires & cables,INE372C01037,PRECWIRE,31-12-2022,703.67,703.67,712.08,8.04,3.63,5.88,15.14,15.14,21.02,24.65,32.69,29.06,0.87,232.6,,71.95,173454345,1248.004012,3.739312,19.241505,978,1224.614012,29.86,1.306438,-0.19300179388073796
Prestige Estates Projects Ltd.,Housing construction,INE811K01011,PRESTIGE,31-12-2022,1322.2,1299.8,870.2,81.7,88.7,32.2,138.2,138.2,170.4,259.1,340.8,252.1,3.45,1622.4,,420.0,400861654,16836.189468,10.744355,39.090294,675,19429.289468,83.37,1.26767,-0.2017080929626154
Pricol Ltd.,Other automobile ancillaries,INE726V01018,PRICOLLTD,31-12-2022,465.92,465.5,450.91,4.3,19.79,-0.21,26.31,26.31,26.1,45.89,50.19,30.4,2.16,660.1,,195.6,121881498,2384.002101,7.176643,27.255083,533,2531.272101,38.68,1.551943,-0.25847999501499275
Prime Focus Ltd.,Other fund based financial services,INE367G01038,PFOCUS,31-12-2022,15.28,7.24,18.14,4.89,8.12,13.14,-2.86,-2.86,-2.86,5.26,10.15,2.03,-0.1,219.05,,70.35,299536644,2107.240291,-1.211872,30.7236545,31,2336.310291,35.94,1.322161,-0.23981065613779393
Primo Chemicals Ltd.,Caustic soda,INE607A01022,PRIMO,31-12-2022,192.39,187.64,166.81,2.08,7.38,12.43,29.15,29.15,41.58,48.96,51.04,43.66,1.2,22.92,,69.45,242343220,1683.073663,6.48543,10.708619,1482,1717.993663,7.56,0.651404,-0.3237664354271137
Prince Pipes & Fittings Ltd.,"Plastic tubes, pipes, fittings & sheets",INE689W01016,PRINCEPIPE,31-12-2022,707.12,705.9,646.92,1.62,21.05,12.63,35.39,35.39,48.02,69.07,70.69,49.64,3.2,249.0,,622.0,110561079,6876.899114,0.836642,743.448553,2512,6960.509114,90.01,1.530735,-0.09096151730246531
Prism Johnson Ltd.,Cement,INE010A01011,PRSMJOHNSN,31-12-2022,1621.93,1610.91,1663.88,43.99,90.27,-15.05,-44.74,-44.74,-59.79,30.48,74.47,-15.8,-0.89,135.15,,104.8,503356580,5275.176958,-2.329561,30.7236545,808,6498.236958,48.83,1.597734,-0.2010629948632316
Privi Speciality Chemicals Ltd.,Inorganic chemicals,INE959A01019,PRIVISCL,31-12-2022,399.6,393.6,428.96,19.91,29.24,0.98,2.56,2.56,3.54,32.78,52.69,23.45,0.66,3085.65,,1000.3,39062706,3907.442481,13.18393,75.87267,197,4774.552481,39.65,0.77184,-0.17966830745747447
Procter & Gamble Health Ltd.,Drugs & pharmaceuticals,INE199A01012,PGHL,31-12-2022,314.51,309.97,265.1,0.23,8.23,28.14,76.8,76.8,104.94,113.17,113.4,106.69,46.3,5648.6,,4091.85,16599382,6792.218124,139.426877,29.347641,271,6470.518124,39.53,0.691184,-0.19195911292555537
Procter & Gamble Hygiene & Health Care Ltd.,Personal & home care products,INE179A01014,PGHH,31-12-2022,1146.7,1137.39,884.09,3.86,14.41,73.67,207.47,207.47,281.14,295.55,299.41,285.39,63.91,12777.1,,14160.8,32460736,45966.999035,159.312469,88.886953,245,45332.849035,60.31,0.393684,0.16766831650016678
Prudent Corporate Advisory Services Ltd.,Securities broking,INE00F201020,PRUDENT,31-12-2022,139.62,137.95,119.46,0.4,5.65,7.14,20.16,20.16,27.3,32.95,33.35,27.7,4.87,2684.75,,993.6,41406680,4114.167725,16.806467,59.1201,891,4112.477725,15.88,0.833291,-0.29710829834670943
Punjab & Sind Bank,Banking services,INE608A01012,PSB,31-12-2022,2452.53,2107.44,2079.29,1302.44,13.67,178.55,373.24,373.24,551.79,551.79,1854.23,1646.77,0.55,26.34,,29.5,6777786447,19994.470019,0.100918,292.316813,1264,14078.300019,18.44,1.430624,0.17737526706292647
Punjab Chemicals & Crop Protection Ltd.,Pesticides,INE277B01014,PUNJABCHEM,31-12-2022,260.58,259.52,252.17,4.03,4.76,6.66,18.34,18.34,25.0,29.76,33.79,29.03,14.96,1250.05,,954.55,12262185,1170.486869,63.039336,15.142133,84,1256.256869,30.43,0.827636,-0.2787880162986381
Punjab National Bank,Banking services,INE160A01022,PNB,31-12-2022,25722.4,22384.44,25093.52,13205.08,13.67,373.68,628.88,628.88,1002.56,1002.56,14207.64,14207.64,0.57,119.75,,53.6,11011015558,59019.043391,-1.094204,30.7236545,14519,-27946.316609,18.44,1.526965,0.17737526706292647
Puravankara Ltd.,Housing construction,INE323I01011,PURVA,31-12-2022,269.19,246.49,323.54,51.46,2.95,6.19,24.17,24.17,30.36,33.31,84.77,81.82,1.02,236.65,,89.45,237149686,2121.303941,-4.436017,30.7236545,237,3496.683941,83.37,1.526954,-0.2017080929626154
Quess Corp Ltd.,Business services & consultancy,INE615P01015,QUESS,31-12-2022,3593.94,3539.63,3513.04,24.42,45.86,7.69,80.9,80.9,88.59,134.45,158.87,86.48,5.46,208.9,,356.25,148195384,5279.460555,8.257342,43.143422,980,5710.150555,60.13,1.334655,-0.22231802174705587
R B L Bank Ltd.,Banking services,INE976G01028,RBLBANK,31-12-2022,3116.19,2497.76,2907.22,1220.49,13.67,65.49,208.97,208.97,274.46,274.46,1494.95,1494.95,3.49,300.05,,155.7,599547063,9334.947771,16.150025,9.640852,4193,2880.277771,18.44,1.726833,0.17737526706292647
R E C Ltd.,Infrastructure finance services,INE020B01018,RECLTD,31-12-2022,10224.24,9856.67,7346.16,6342.87,6.1,737.81,2878.08,2878.08,3615.89,3621.99,9964.86,9608.01,10.93,339.05,,121.7,2633224000,32046.33608,37.325119,3.260539,7746,362726.26608,4.31,1.25192,0.14377853673898083
R H I Magnesita India Ltd.,Diversified non-financial services,INE743M01012,RHIM,31-12-2022,648.23,645.36,486.64,7.45,10.0,19.54,58.44,58.44,77.98,87.98,95.43,86.3,3.63,457.1,,777.15,187996331,14610.134864,16.462555,47.207131,1407,14603.924864,176.5,1.16018,-0.17902845447488475
R P G Life Sciences Ltd.,Drugs & pharmaceuticals,INE105J01010,RPGLIFE,31-12-2022,131.11,130.6,115.18,0.07,3.91,6.63,19.11,19.11,25.74,29.65,29.72,25.81,11.56,2346.95,,792.85,16539015,1311.295804,39.161945,20.245419,267,1241.995804,39.53,1.548701,-0.19195911292555537
R P S G Ventures Ltd.,ITES,INE425Y01011,RPSGVENT,31-12-2022,43.67,40.38,33.7,2.65,0.54,5.78,9.97,9.97,15.75,16.29,18.94,26.19,3.38,739.65,,435.5,29511409,1285.221862,44.640363,9.755745,50,-3393.228138,7.17,1.787678,-0.22242282766628246
R Systems International Ltd.,Computer software,INE411H01032,RSYSTEMS,31-12-2022,219.38,217.82,185.39,1.48,5.72,4.83,33.99,33.99,38.82,44.54,46.02,40.3,2.87,427.2,,244.1,118303445,2887.787092,9.34884,26.110191,354,2842.547092,29.01,0.652007,-0.22129977102466347
Radico Khaitan Ltd.,Alcoholic beverages,INE944F01028,RADICO,31-12-2022,794.87,792.15,744.94,6.09,17.06,19.39,57.05,57.05,76.44,93.5,99.59,82.53,4.27,3193.95,,1129.85,133673765,15103.130339,15.910377,71.013402,1194,15194.280339,58.85,1.170161,-0.20907155538278388
Raghav Productivity Enhancers Ltd.,Minerals,INE912T01018,RPEL,31-12-2022,34.09,33.87,27.67,0.26,0.66,2.18,6.51,6.51,8.69,9.35,9.61,8.95,2.84,915.1,,1034.3,10876300,1124.935709,21.284812,48.593335,333,1143.725709,12.22,0.433559,-0.19527960896831384
Rail Vikas Nigam Ltd.,Infrastructural construction,INE415G01027,RVNL,31-12-2022,5294.51,5010.67,4953.49,146.94,5.67,64.98,341.02,341.02,406.0,411.67,558.61,552.94,1.64,319.1,,76.1,2085020100,15867.002961,6.155001,12.363931,7780,15514.912961,-7779.86,1.105015,-0.2879215797575277
Railtel Corporation Of India Ltd.,Telecommunication services,INE0DD101019,RAILTEL,31-12-2022,462.27,454.32,430.32,2.12,36.96,11.29,31.95,31.95,43.24,80.2,82.32,45.26,1.0,333.0,,124.4,320938407,3992.473783,3.980515,31.252241,2810,3407.643783,-19.34,0.752069,-0.01775097677186995
Rain Industries Ltd.,Diversified non-financial services,INE855B01025,RAIN,31-12-2022,23.46,19.08,23.4,4.01,0.17,-0.01,0.06,0.06,0.05,0.22,4.23,3.95,3.42,124.45,,168.55,336345679,5669.10642,0.701659,240.216374,910,5813.19642,176.5,1.562336,-0.17902845447488475
Rainbow Children'S Medicare Ltd.,Health services,INE961O01016,RAINBOW,31-12-2022,298.97,290.72,242.09,12.86,21.03,19.29,56.88,56.88,76.17,97.2,110.06,89.03,5.63,1327.05,,766.9,101501687,7784.164376,16.155397,47.470206,1950,8121.974376,69.86,0.534274,-0.1320225855676107
Raj Rayon Inds. Ltd.,Man-made filaments & fibres,INE533D01032,RAJRILTD,31-12-2022,26.3,26.01,30.46,0.1,3.34,13.14,-2.29,-2.29,-2.29,1.05,1.15,-2.19,-0.04,23.83,,54.95,556082495,3055.67331,-0.922165,30.7236545,19,3055.57331,65.07,2.914559,-0.2770221589770385
Rajesh Exports Ltd.,Gems & jewellery,INE343B01030,RAJESHEXPO,31-12-2022,1634.63,1634.18,1604.3,6.715,0.21,13.14,60.15,60.15,60.15,60.36,60.36,60.15,2.04,203.95,,868.55,295259959,25644.803739,0.297704,2917.497581,2072,25708.343739,72.03,0.361167,-0.24549709367323447
Rajnish Wellness Ltd.,Wholesale trading,INE685Z01033,,31-12-2022,8.44,7.87,8.55,0.01,13.67,0.13,0.38,0.38,0.51,0.51,0.52,0.52,0.0,0.64,,19.35,768474660,1486.998467,0.031101,622.175091,4247,1495.098467,116.56,1.041223,-0.23739051576619835
Rajratan Global Wire Ltd.,Other ferrous metal products,INE451D01029,RAJRATAN,31-12-2022,133.48,133.22,120.27,3.63,2.46,5.34,14.68,14.68,20.02,22.48,26.11,23.65,2.89,452.2,,790.65,50771000,4014.209115,14.352682,55.087267,733,4099.009115,12.27,0.990553,-0.25482541344281856
Rallis India Ltd.,Pesticides,INE613A01020,RALLIS,31-12-2022,632.0,630.0,634.0,3.0,22.0,8.0,22.0,22.0,30.0,52.0,55.0,33.0,1.16,265.45,,209.25,194468890,4069.261523,7.869125,26.591267,1909,4099.601523,30.43,0.998321,-0.2787880162986381
Rama Steel Tubes Ltd.,Steel pipes & tubes,INE230R01035,RAMASTEEL,31-12-2022,246.19,244.66,263.41,3.1,0.76,1.44,4.31,4.31,5.75,6.51,9.61,8.85,0.5,9.61,,37.9,465822825,1765.468507,0.214889,176.37048,1646,1883.208507,31.67,1.445887,-0.2615999515821926
Ramco Cements Ltd.,Cement,INE331A01037,RAMCOCEM,31-12-2022,2028.01,2008.76,2026.04,60.84,135.89,39.77,67.39,67.39,107.16,243.05,303.89,158.08,2.85,1049.0,,675.35,236292380,15958.005883,12.826482,52.652784,881,19311.665883,48.83,1.049225,-0.2010629948632316
Ramco Industries Ltd.,Other construction materials,INE614A01028,RAMCOIND,31-12-2022,289.89,283.71,281.96,5.47,7.55,0.51,5.74,5.74,6.25,13.8,19.27,11.05,0.66,317.55,,147.75,86663060,1280.446711,8.951911,16.504856,79,-2534.003289,43.29,1.080808,-0.22983335779461173
Ramkrishna Forgings Ltd.,Castings & forgings,INE399G01023,RKFORGE,31-12-2022,753.4,752.31,729.12,29.6,48.94,31.25,57.57,57.57,88.82,137.76,167.36,118.14,3.6,477.7,,275.05,159889535,4397.76166,16.259351,16.91642,2019,6199.78166,31.58,1.763023,-0.2665632139865167
Ramky Infrastructure Ltd.,Industrial construction,INE874I01013,RAMKY,31-12-2022,420.14,391.03,353.2,18.03,7.34,20.58,66.94,66.94,87.52,94.86,112.89,105.55,9.67,553.55,,286.05,69197791,1979.402812,1.713928,166.89737,1154,2542.842812,63.05,1.706262,-0.2658631511792221
Rane Holdings Ltd.,Diversified non-financial services,INE384A01010,RANEHOLDIN,31-12-2022,23.8,23.64,16.34,1.48,1.28,1.69,7.46,7.46,9.15,10.43,11.91,10.63,5.22,1285.6,,868.8,14277809,1240.456046,36.483189,23.813708,6,573.776046,176.5,1.323411,-0.17902845447488475
Rashtriya Chemicals & Fertilizers Ltd.,Fertilisers,INE027A01015,RCF,31-12-2022,6273.49,6235.14,4916.44,70.47,51.14,111.69,243.18,243.18,354.87,406.01,476.48,425.52,4.41,138.55,,120.6,551688100,6653.358486,16.082638,7.49877,5959,8532.008486,10.11,1.467175,-0.2984772216688546
Rategain Travel Technologies Ltd.,Computer software,INE0CLI01024,RATEGAIN,31-12-2022,34.16,29.7,30.93,0.32,0.74,0.86,3.23,3.23,4.09,4.83,5.15,4.41,0.3,655.85,,367.0,108267142,3973.404111,0.672411,545.797268,1719,3728.764111,29.01,0.709294,-0.22129977102466347
Ratnamani Metals & Tubes Ltd.,Steel pipes & tubes,INE703B01027,RATNAMANI,31-12-2022,1063.81,1057.4,1119.82,6.08,18.95,43.56,132.41,132.41,175.97,194.92,201.0,182.05,18.89,2296.25,,2221.15,70092000,15568.48458,60.825772,36.516594,1577,15574.92458,31.67,0.70075,-0.2615999515821926
Rattanindia Enterprises Ltd.,Other fund based financial services,INE834M01019,RTNINDIA,31-12-2022,1.72,1.08,51.03,5.57,0.55,13.14,-49.31,-49.31,-49.31,-48.76,-43.19,-43.74,-0.36,41.4,,43.95,1382269592,6075.074857,-0.88919,30.7236545,2205,5629.894857,60.13,1.168187,-0.23981065613779393
Rattanindia Power Ltd.,Conventional electricity,INE399K01017,RTNPOWER,31-12-2022,939.89,849.72,842.96,138.49,57.18,13.14,96.93,96.93,96.93,154.11,292.6,235.42,0.18,9.7,,3.81,5370105860,2046.010333,0.669,5.695069,1899,6380.800333,12.17,1.385183,-0.03716679162073462
Raymond Ltd.,Other fund based financial services,INE301A01014,RAYMOND,31-12-2022,1667.55,1550.95,1577.04,62.42,38.66,23.09,82.7,82.7,105.79,144.45,206.87,241.71,12.42,424.9,,1531.6,66573731,10196.43264,73.775345,20.760323,2276,11905.15264,35.94,1.502854,-0.23981065613779393
Redington Ltd.,Wholesale trading,INE891D01026,REDINGTON,31-12-2022,9448.4,9438.22,9487.41,25.42,7.39,48.74,141.38,141.38,190.12,197.51,222.93,215.54,1.81,272.0,,185.35,781539895,14485.841954,13.260232,13.977886,2178,13667.821954,116.56,1.082594,-0.23739051576619835
Relaxo Footwears Ltd.,Footwear,INE131B01039,RELAXO,31-12-2022,685.45,681.03,661.51,4.12,31.97,10.47,30.1,30.1,40.57,72.54,76.66,44.7,1.21,402.35,,818.15,248926046,20365.884453,5.880461,139.130239,1046,20332.254453,96.96,0.752069,0.011937000761641073
Reliance Industrial Infrastructure Ltd.,Transport logistics services,INE046A01015,RIIL,31-12-2022,20.6,17.27,18.7,6.715,1.55,0.69,1.9,1.9,2.59,4.14,4.14,2.59,1.26,813.8,,870.0,15100000,1313.7,4.410596,197.252252,3181,1089.4,41.66,1.679763,-0.14794687699617792
Reliance Industries Ltd.,Refinery,INE002A01018,RELIANCE,31-12-2022,128428.0,125849.0,117709.0,3349.0,2529.0,3337.0,8263.0,8373.0,11710.0,14239.0,17588.0,14949.0,12.22,1565.1,,2353.9,6765994014,1592647.330955,59.745841,39.398559,10412,1686686.330955,47.49,0.955759,0.19851265422955744
Reliance Infrastructure Ltd.,Industrial construction,INE036A01016,RELINFRA,31-12-2022,204.64,100.23,410.63,262.97,6.82,13.14,-205.99,-205.99,-205.99,-199.17,63.8,55.87,-7.56,173.45,,124.95,351790000,4395.61605,-17.654282,30.7236545,1558,3916.86605,63.05,2.02662,-0.2658631511792221
Reliance Power Ltd.,Other fund based financial services,INE614G01033,RPOWER,31-12-2022,33.0,2.08,117.91,106.84,4.02,13.14,-84.91,-84.91,-84.91,-80.89,25.95,21.93,-0.25,38.57,,12.74,3735205966,4758.652401,-0.786597,30.7236545,9008,11587.592401,176.5,1.562308,-0.23981065613779393
Religare Enterprises Ltd.,Diversified financial services,INE621H01010,RELIGARE,31-12-2022,8.56,5.94,20.29,5.5,0.72,13.14,-11.73,-11.73,-11.73,-11.01,-5.51,-6.23,-0.37,234.1,,156.9,323389463,5073.980674,-1.215562,30.7236545,1886,5167.170674,33.67,1.307,-0.173084020106766
Repco Home Finance Ltd.,Housing finance services,INE612J01015,REPCOHOME,31-12-2022,330.85,326.99,250.09,180.99,3.66,28.15,80.76,80.76,108.91,112.57,293.56,289.9,12.91,390.4,,227.1,62561362,1420.768531,40.926219,5.54901,4716,10522.328531,33.51,1.665761,-0.16633546810173813
Responsive Industries Ltd.,"Plastic furniture, floorings & miscellaneous items",INE688D01026,RESPONIND,31-12-2022,148.59,145.34,182.62,6.8,10.64,1.13,3.09,3.09,4.22,14.86,21.66,11.02,0.12,202.1,,124.3,266912700,3317.724861,0.088793,1399.883908,121,3673.054861,52.52,0.635176,-0.21696835575475118
Restaurant Brands Asia Ltd.,Hotels & restaurants,INE07T201019,RBA,31-12-2022,376.12,369.78,387.33,22.03,43.36,13.14,-11.21,-11.21,-11.21,32.15,54.18,10.82,-0.23,66.51,,110.5,494478332,5463.985569,-0.920364,30.7236545,1074,6001.435569,74.95,1.175701,-0.18801789305244987
Rico Auto Inds. Ltd.,Other automobile ancillaries,INE209B01025,RICOAUTO,31-12-2022,458.99,453.55,468.06,13.39,25.33,3.99,6.3,6.3,10.29,35.62,49.01,23.9,0.47,122.65,,89.05,135285000,1204.712925,2.503604,35.568731,1504,1717.692925,38.68,1.88651,-0.25847999501499275
Rites Ltd.,Business services & consultancy,INE320J01015,RITES,31-12-2022,675.99,650.63,504.06,2.0,16.69,45.86,131.52,131.52,177.38,194.07,196.07,179.54,5.47,226.35,,360.7,240301887,8667.689064,21.399333,16.855666,1328,5272.049064,60.13,0.770841,-0.22231802174705587
Rolex Rings Ltd.,General purpose machinery,INE645S01024,ROLEXRINGS,31-12-2022,315.07,308.3,253.1,3.57,6.71,12.12,52.79,52.79,64.91,71.62,75.19,68.48,19.39,127.1,,1740.7,27233312,4740.50262,69.609602,25.006608,686,4943.52262,40.23,1.216449,-0.22094579296060995
Rossari Biotech Ltd.,Other chemical products,INE02A801020,ROSSARI,31-12-2022,237.15,236.9,221.76,1.76,6.68,6.27,17.46,17.46,23.73,30.41,32.17,25.49,3.17,569.55,,686.85,55155486,3788.354556,11.516533,59.640343,1182,3752.374556,37.65,1.05669,-0.24540235502819857
Rossell India Ltd.,Other electronics,INE847C01020,ROSSELLIND,31-12-2022,97.94,97.26,78.38,2.71,3.36,0.05,0.33,0.33,0.38,3.74,6.45,3.09,0.09,50.99,,298.35,37696475,1124.674332,7.60018,39.255649,259,1276.294332,48.08,1.270824,-0.11779069539848289
Route Mobile Ltd.,Other miscellaneous services,INE450U01017,ROUTE,31-12-2022,181.05,132.27,141.82,0.53,3.74,8.55,39.23,39.23,47.78,51.52,52.05,48.31,6.28,720.5,,1232.2,62311542,7678.028205,12.503302,98.549971,5071,6927.938205,54.14,0.867078,-0.145995652592806
Rupa & Co. Ltd.,Readymade garments,INE895B01021,RUPA,31-12-2022,231.4,228.67,174.17,5.86,3.3,2.15,5.41,5.41,7.56,10.86,16.72,13.27,0.68,161.65,,270.25,79524560,2149.151234,10.220742,26.441329,2605,2395.871234,42.45,1.469465,-0.28546545647070276
S B I Cards & Payment Services Ltd.,Other fund based financial services,INE018E01016,SBICARD,31-12-2022,3656.15,3507.12,3146.69,464.28,41.03,174.87,509.46,509.46,684.33,725.36,1189.64,1148.61,5.39,871.15,,723.0,945914389,68389.610325,11.352084,63.688744,3860,90680.490325,33.67,0.705547,-0.23981065613779393
S B I Life Insurance Co. Ltd.,Insurance services,INE123W01016,SBILIFE,31-12-2022,26832.2,19170.8,26345.02,6.715,13.67,42.35,39.055,304.13,529.53,529.53,529.53,39.92,3.04,2027.6,,1219.9,1000831191,122091.39699,19.74299,61.78902,2364,5158.883983,22.59,0.742408,0.677920965378867
S E L Manufacturing Co. Ltd.,Cotton & blended yarn,INE105I01020,SELMC,31-12-2022,144.39,142.57,202.01,10.9,25.15,13.14,-45.2,-45.2,-45.2,-20.05,-9.15,-35.64,-13.64,38.03,,480.75,33134700,1592.950703,-49.461743,30.7236545,6,2602.520703,17.81,0.87527,-0.34354770889024955
S E P C Ltd.,Infrastructural construction,INE964H01014,SEPC,31-12-2022,134.25,122.45,130.52,12.27,2.03,13.14,3.73,3.73,3.73,5.76,18.03,5.41,0.03,10.17,,13.54,1321529018,1789.35029,-2.421589,30.7236545,532,2762.08029,-7779.86,1.341999,-0.2879215797575277
S G Finserve Ltd.,Other fund based financial services,INE618R01015,SGFIN,31-12-2022,12.45,12.45,7.84,2.04,13.67,1.7,4.61,4.61,6.31,6.31,8.35,8.35,2.13,407.2,,498.7,41273000,2058.28451,0.906161,550.343452,138,2057.48451,33.67,1.154365,-0.23981065613779393
S H Kelkar & Co. Ltd.,Personal & home care products,INE500L01026,SHK,31-12-2022,218.48,216.42,211.62,1.02,6.38,7.24,16.1,16.1,23.34,29.72,30.74,24.36,1.19,166.9,,138.75,138420801,1920.588614,5.691341,24.37914,525,1955.488614,60.31,1.100861,0.16766831650016678
S I S Ltd.,Business services & consultancy,INE285J01028,SIS,31-12-2022,1095.51,1040.56,984.38,18.34,13.34,-37.12,112.38,112.38,75.26,88.6,106.94,93.6,7.68,332.55,,373.45,145726335,5442.149981,12.732771,29.32983,105,5990.599981,60.13,0.621593,-0.22231802174705587
S J S Enterprises Ltd.,"Plastic furniture, floorings & miscellaneous items",INE284S01014,SJS,31-12-2022,73.75,71.48,59.3,0.19,4.36,5.2,14.32,14.32,19.52,23.88,24.07,19.71,4.7,1711.4,,453.75,30437904,1381.119894,20.126222,22.545215,460,1383.919894,52.52,1.151235,-0.21696835575475118
S J V N Ltd.,Conventional electricity,INE002L01015,SJVN,31-12-2022,758.08,551.67,467.1,116.93,103.16,59.53,290.98,290.98,350.51,453.67,570.6,450.63,0.74,72.84,,34.0,3929795175,13361.303595,3.256938,10.439252,1775,16741.023595,12.17,0.502295,-0.03716679162073462
S K F India Ltd.,General purpose machinery,INE640A01023,SKFINDIA,31-12-2022,1090.23,1077.2,1015.3,0.36,17.02,63.23,116.48,116.48,179.71,196.73,197.09,180.07,23.6,1747.95,,4387.25,49437963,21689.670317,103.135317,42.538774,449,21303.920317,176.5,0.794601,-0.22094579296060995
S R F Ltd.,Other chemical products,INE647A01010,SRF,31-12-2022,2881.3,2856.71,2437.35,73.81,122.21,122.16,495.06,495.06,617.22,739.43,813.24,681.78,16.7,3090.15,,2182.1,296424825,64682.861063,63.466682,34.38182,4785,67022.161063,37.65,1.068017,-0.24540235502819857
Sadhana Nitro Chem Ltd.,Organic chemicals,INE888C01040,SADHNANIQ,31-12-2022,31.04,30.95,36.85,1.93,1.83,0.29,0.27,0.27,0.56,2.39,4.32,2.4,0.01,6.97,,120.45,195618129,2356.220364,0.04703,2561.109091,680,2458.980364,41.8,1.362409,-0.1787325857282407
Safari Industries (India) Ltd.,Wholesale trading,INE429E01023,SAFARI,31-12-2022,305.18,302.36,314.51,1.9,8.13,10.35,31.56,31.56,41.91,50.04,51.94,43.81,6.64,2209.7,,1780.0,23711290,4220.60962,36.324468,49.002782,104,4282.92962,116.56,1.042621,-0.23739051576619835
Sagar Cements Ltd.,Cement,INE229C01021,SAGCEM,31-12-2022,523.81,508.52,508.8,41.22,29.25,-1.71,-8.46,-8.46,-10.17,19.08,60.3,31.05,-0.65,208.35,,222.25,130707548,2904.975254,0.669433,331.997172,127,3654.775254,48.83,1.081634,-0.2010629948632316
Saksoft Ltd.,Computer software,INE667G01023,SAKSOFT,31-12-2022,58.31,53.43,48.61,0.18,1.26,2.22,9.7,9.7,11.92,13.18,13.36,12.1,0.92,201.0,,139.7,105690000,1476.4893,3.080708,45.346723,1238,1472.1193,29.01,0.918492,-0.22129977102466347
Salasar Techno Engg. Ltd.,Steel,INE170V01027,SALASAR,31-12-2022,240.94,240.8,249.63,7.74,1.99,3.7,10.77,10.77,14.47,16.46,24.2,22.21,0.36,9.08,,47.8,315705280,1509.071238,1.044012,45.784928,747,1734.941238,13.6,0.8301,-0.3195550430372759
Sammaan Capital Ltd.,Housing finance services,INE148I01020,SAMMAANCAP,31-12-2022,1988.61,1985.15,1759.23,1260.81,22.39,82.57,229.38,229.38,311.95,334.34,1595.15,1572.76,4.86,145.15,,122.9,471596630,5795.922583,16.142185,7.613591,6419,55087.472583,33.51,2.224826,-0.16633546810173813
Samvardhana Motherson Intl. Ltd.,Other automobile ancillaries,INE775A01035,MOTHERSON,31-12-2022,2182.74,1954.32,1922.83,31.06,64.19,30.08,334.31,334.31,364.39,428.58,459.64,395.45,0.49,121.0,,75.55,6776421366,51195.86342,1.113803,67.830653,7300,55979.06342,38.68,1.765203,-0.25847999501499275
Sandhar Technologies Ltd.,Other automobile ancillaries,INE278H01035,SANDHAR,31-12-2022,602.39,600.39,577.06,4.04,20.86,9.96,26.76,26.76,36.72,57.58,61.62,40.76,4.44,558.25,,231.2,60190708,1391.609169,13.762922,16.798759,294,1654.849169,38.68,1.248074,-0.25847999501499275
Sandur Manganese & Iron Ores Ltd.,Minerals,INE149K01016,SANDUMA,31-12-2022,401.32,387.92,360.56,7.0,15.95,15.78,41.24,41.24,57.02,72.97,79.97,62.79,15.27,216.85,,965.6,27005823,2607.682269,122.543942,7.879622,3299,2343.482269,35.94,1.449336,-0.19527960896831384
Sanghi Industries Ltd.,Cement,INE999B01013,SANGHIIND,31-12-2022,134.39,133.69,304.5,77.43,23.4,25.97,-143.95,-143.95,-117.98,-94.58,-17.15,-40.55,-5.73,62.27,,64.0,258326000,1653.2864,-8.316236,30.7236545,741,3049.8664,48.83,1.634986,-0.2010629948632316
Sanghvi Movers Ltd.,Business services & consultancy,INE989A01032,SANGHVIMOV,31-12-2022,128.97,122.48,94.25,4.24,31.05,11.68,34.72,34.72,46.4,77.45,81.69,46.87,8.02,329.9,,334.8,43288000,1449.28224,12.523101,26.734592,576,1574.07224,60.13,1.358596,-0.22231802174705587
Sanmit Infra Ltd.,Wholesale trading,INE799C01031,,31-12-2022,31.73,31.7,32.03,0.16,0.34,13.14,0.05,0.05,0.05,0.39,0.55,0.18,3.42,7.65,,76.0,158007500,1200.857,0.19113,397.634768,829,1209.117,116.56,0.205825,-0.23739051576619835
Sanofi India Ltd.,Drugs & pharmaceuticals,INE058A01010,SANOFI,31-12-2022,723.9,671.9,585.3,0.4,10.0,59.5,130.9,130.9,190.4,200.4,200.8,158.8,56.84,4067.9,,5495.95,23030622,12657.514698,204.162962,26.919427,785,11668.414698,39.53,0.478157,-0.19195911292555537
Sansera Engineering Ltd.,Other automobile ancillaries,INE953O01021,SANSERA,31-12-2022,498.49,491.66,492.97,13.45,28.48,10.59,32.44,32.44,43.03,71.51,84.96,58.16,6.16,1724.15,,751.45,52901415,3975.27683,29.275209,25.668476,478,4543.12683,38.68,1.53931,-0.25847999501499275
Sapphire Foods India Ltd.,Hotels & restaurants,INE806T01020,SAPPHIRE,31-12-2022,521.39,514.37,489.77,19.5,61.18,13.14,31.62,31.62,31.62,92.8,112.3,51.12,4.97,231.15,,1297.3,63542541,8243.373844,14.76019,87.89182,522,8701.693844,74.95,1.587467,-0.18801789305244987
Sarda Energy & Minerals Ltd.,Other ferrous metal products,INE385C01021,SARDAEN,31-12-2022,738.26,697.58,670.36,3.58,16.68,46.37,151.25,151.25,197.62,214.3,217.88,201.2,4.29,510.8,,1090.75,35238127,3843.598703,200.135495,5.450058,526,3716.408703,12.27,1.715189,-0.25482541344281856
Saregama India Ltd.,Diversified non-financial services,INE979A01025,SAREGAMA,31-12-2022,197.0,181.58,143.83,1.35,5.87,18.01,53.17,53.17,71.18,77.05,78.4,72.53,2.76,348.1,,338.55,192809490,6527.565284,9.654089,35.068042,1100,5561.675284,176.5,1.568392,-0.17902845447488475
Sasken Technologies Ltd.,Computer software,INE231F01020,SASKEN,31-12-2022,110.67,88.45,84.13,0.05,1.41,3.96,26.54,26.54,30.5,31.91,31.96,30.55,17.63,1183.05,,911.7,15050871,1372.187909,58.960043,15.463015,153,1143.227909,29.01,1.005088,-0.22129977102466347
Satia Industries Ltd.,Paper & newsprint,INE170E01023,SATIA,31-12-2022,489.3,486.77,428.56,8.49,32.48,8.46,64.84,64.84,73.3,105.78,114.27,81.79,6.48,65.41,,123.9,100000000,1239.0,17.675,7.009901,355,1680.65,15.79,0.793698,-0.3489624638386909
Satin Creditcare Network Ltd.,Other fund based financial services,INE836B01017,SATIN,31-12-2022,377.68,377.57,322.55,144.67,3.26,18.85,55.13,55.13,73.98,77.24,221.91,218.65,6.96,140.95,,147.05,83224125,1223.810758,27.505246,5.346253,175,5596.360758,33.67,1.714029,-0.23981065613779393
Savita Oil Technologies Ltd.,"Lubricants, etc.",INE035D01020,SOTL,31-12-2022,919.98,908.57,915.31,10.93,5.12,8.3,28.69,28.69,36.99,42.11,53.04,47.92,4.15,358.5,,270.55,69100415,1869.511728,37.568515,7.201509,899,1779.561728,12.28,0.886518,-0.3310810716453944
Schaeffler India Ltd.,General purpose machinery,INE513A01022,SCHAEFFLER,31-12-2022,1812.92,1794.65,1481.65,0.93,52.99,78.59,230.98,230.98,309.57,362.56,363.49,310.5,14.8,3839.9,,2693.2,156303670,42095.704404,55.241185,48.75348,531,40558.364404,40.23,0.707466,-0.22094579296060995
Schneider Electric Infrastructure Ltd.,"Generators, transformers & switchgears",INE839M01018,SCHNEIDER,31-12-2022,577.08,574.38,512.5,13.57,4.58,13.14,43.52,43.52,43.52,48.1,61.67,57.09,1.82,726.6,,183.85,239104035,4395.927683,2.431996,75.596349,1292,4953.287683,78.35,1.174549,-0.19481232573431395
Seamec Ltd.,Business services & consultancy,INE497B01018,SEAMECLTD,31-12-2022,95.92,95.05,89.53,1.1,18.38,-3.69,6.39,6.39,2.7,21.08,22.18,3.8,2.51,1025.25,,794.95,25425000,2021.160375,9.246804,85.970241,57,1970.280375,60.13,0.964846,-0.22231802174705587
Sequent Scientific Ltd.,Drugs & pharmaceuticals,INE807F01027,SEQUENT,31-12-2022,65.99,57.0,63.72,0.72,2.15,-1.4,-1.23,-1.23,-2.63,-0.48,0.24,-3.28,-0.05,210.55,,78.25,249433495,1951.817098,-0.421355,30.7236545,2018,1918.937098,39.53,1.210339,-0.19195911292555537
Seshasayee Paper & Boards Ltd.,Paper & newsprint,INE630A01024,SESHAPAPER,31-12-2022,564.32,555.75,453.34,0.51,11.58,36.86,109.44,109.44,146.3,157.88,158.39,146.81,18.17,238.85,,286.85,63068140,1809.109596,51.594989,5.559648,761,1424.719596,15.79,1.154365,-0.3489624638386909
Shaily Engineering Plastics Ltd.,"Plastic furniture, floorings & miscellaneous items",INE151G01028,SHAILY,31-12-2022,134.75,134.21,114.13,4.8,7.9,1.33,4.47,4.47,5.8,13.7,18.5,10.29,4.87,2368.95,,1543.65,9173502,1416.067636,30.642605,50.375939,56,1552.127636,52.52,1.145093,-0.21696835575475118
Shalby Ltd.,Health services,INE597J01018,SHALBY,31-12-2022,179.7,175.87,160.6,0.78,9.23,9.36,19.2,19.2,28.56,37.79,38.57,29.34,1.79,199.35,,149.0,108009770,1609.345573,7.171573,20.776473,600,1615.825573,69.86,1.468852,-0.1320225855676107
Shankara Building Products Ltd.,Retail trading,INE274V01019,SHANKARA,31-12-2022,1113.3,1109.92,1105.19,5.25,2.32,6.34,16.14,16.14,22.48,24.8,30.05,27.73,7.06,109.05,,627.35,22849326,1433.452467,22.897831,27.397792,269,1581.142467,131.24,1.255535,-0.07458873961639617
Shanthi Gears Ltd.,General purpose machinery,INE631A01022,SHANTIGEAR,31-12-2022,117.69,114.65,98.2,6.715,2.71,5.88,17.54,17.54,23.42,26.13,26.13,23.42,2.29,471.55,,347.1,76715853,2662.807258,7.778053,44.625562,338,2575.777258,40.23,0.956603,-0.22094579296060995
Sharda Cropchem Ltd.,Wholesale trading,INE221J01015,SHARDACROP,31-12-2022,927.09,853.4,1063.36,0.75,65.3,35.74,130.87,130.87,166.61,231.91,232.66,169.65,14.51,882.1,,494.0,90220495,4456.892453,28.964594,17.055306,2321,4461.862453,116.56,1.222434,-0.23739051576619835
Sharda Motor Inds. Ltd.,Other automobile ancillaries,INE597I01028,SHARDAMOTR,31-12-2022,697.23,686.0,657.76,0.76,12.55,16.02,46.08,46.08,62.1,74.65,75.41,62.86,15.5,953.05,,723.75,29731630,2151.826721,60.645851,11.93404,194,1710.256721,38.68,1.083863,-0.25847999501499275
Share India Securities Ltd.,Other fund based financial services,INE932X01026,SHAREINDIA,31-12-2022,198.48,193.85,143.47,10.39,2.86,18.96,55.79,55.79,74.75,77.61,88.0,83.34,16.94,168.75,,1216.15,31906588,3880.3197,60.611307,20.064738,210,3491.1297,33.67,1.335997,-0.23981065613779393
Sheela Foam Ltd.,Rubber products,INE916U01025,SFL,31-12-2022,540.06,515.41,475.59,0.87,8.43,14.82,52.68,52.68,67.5,75.93,76.8,67.82,5.4,575.85,,1226.65,97565616,11967.886287,19.280358,63.621744,158,11409.906287,40.38,0.603578,-0.13076510935331015
Shilpa Medicare Ltd.,Diversified,INE790G01031,SHILPAMED,31-12-2022,71.26,51.64,76.22,6.64,12.26,-4.75,-4.79,-4.79,-9.54,2.72,9.36,-4.92,-0.55,324.55,,246.25,86801898,2137.496738,-0.971177,30.7236545,216,2325.416738,39.53,1.135352,-0.18790891179554034
Shipping Corpn. Of India Ltd.,Shipping transport services,INE109A01011,SCI,31-12-2022,1521.12,1496.23,1275.3,68.83,194.77,15.8,245.82,245.82,261.62,456.39,525.22,330.46,5.28,209.7,,132.6,465799010,6176.494873,11.181217,11.859174,2475,8807.014873,6.64,1.267577,-0.2678255080248566
Shivalik Bimetal Controls Ltd.,Steel,INE386D01027,SBCL,31-12-2022,108.24,107.54,98.42,1.81,2.22,6.22,18.25,18.25,24.47,26.69,28.5,26.28,3.17,440.4,,383.75,57604200,2210.561175,11.591169,33.107102,660,2257.561175,13.6,1.49937,-0.3195550430372759
Shoppers Stop Ltd.,Retail trading,INE498B01024,SHOPERSTOP,31-12-2022,1156.09,1131.71,1208.77,51.5,99.88,23.04,62.06,62.06,85.1,184.98,236.48,119.54,5.66,451.45,,660.9,109647839,7246.62568,0.070225,9411.202181,968,9308.22568,131.24,1.254429,-0.07458873961639617
Shree Cement Ltd.,Cement,INE070A01015,SHREECEM,31-12-2022,4230.02,4068.79,3985.88,71.43,413.56,107.43,276.77,276.77,384.2,797.76,869.19,455.63,76.7,25600.55,,23707.9,36080748,85539.876551,320.689028,73.928005,464,79091.956551,48.83,1.094607,-0.2010629948632316
Shree Renuka Sugars Ltd.,Sugar,INE087H01022,RENUKA,31-12-2022,2500.8,2483.5,2736.8,139.4,57.5,13.14,19.4,19.4,19.4,76.9,216.3,158.8,0.09,25.62,,51.65,2128489773,10993.649678,-0.223821,30.7236545,6546,15127.749678,42.95,1.169415,-0.26522110760151973
Shriram City Union Finance Ltd. [Merged],Other fund based financial services,INE722A01011,SHRIRAMCIT,,541.385,530.27,505.885,6.715,13.67,13.14,39.055,39.475,52.35,71.16499999999999,83.03,65.66,3.42,1923.55,,1923.55,67037140,12894.929065,160.694505,11.970229,517,37926.059065,38.9,1.106368,-0.23981065613779393
Shriram Finance Ltd.,Auto finance services,INE721A01047,SHRIRAMFIN,31-12-2022,7612.7,7608.83,5835.73,3117.75,58.09,607.97,1776.97,1776.97,2384.94,2443.03,5560.78,5502.1,47.46,901.75,,1289.15,374427276,48269.292286,149.610361,8.616716,1788,152145.512286,16.83,1.836939,0.0660963646069473
Shriram Properties Ltd.,Diversified,INE217L01019,SHRIRAMPPS,31-12-2022,90.5,30.22,62.5,9.74,0.82,8.06,34.53,34.53,42.59,43.41,53.15,44.13,2.03,83.41,,72.3,169964088,1228.840356,-3.100655,30.7236545,280,1384.930356,35.94,1.68841,-0.18790891179554034
Shyam Metalics & Energy Ltd.,Other ferrous metal products,INE810G01011,SHYAMMETL,31-12-2022,1625.88,1600.83,1685.7,14.61,64.38,6.31,24.02,24.02,30.33,94.71,109.32,44.94,0.94,816.3,,304.0,255080688,7754.452915,10.997697,27.642152,553,7189.932915,12.27,1.765203,-0.25482541344281856
Siemens Ltd.,Diversified machinery,INE003A01024,SIEMENS,31-12-2022,3740.2,3645.3,3644.6,5.0,51.5,150.0,437.6,437.6,587.6,639.1,644.1,592.6,12.29,3112.25,,2929.45,356120255,104323.648101,39.573711,74.025153,2576,98217.448101,73.94,1.029389,0.8648338323734415
Sindhu Trade Links Ltd. (1992),Transport logistics services,INE325D01025,SINDHUTRAD,31-12-2022,132.89,128.17,125.63,12.23,2.3,6.13,5.77,5.77,11.9,14.2,26.43,24.13,0.04,21.1,,22.65,1541928780,3492.468687,0.003502,6467.534605,409,3898.208687,41.66,0.010714,-0.14794687699617792
Sirca Paints India Ltd.,Wholesale trading,INE792Z01011,SIRCA,31-12-2022,66.19,65.22,68.92,0.01,0.87,3.63,10.53,10.53,14.16,15.03,15.04,14.17,3.84,480.2,,628.1,27404400,1721.270364,15.785786,39.788959,666,1638.730364,116.56,1.065175,-0.23739051576619835
Siyaram Silk Mills Ltd.,Cloth,INE076B01028,SIYSIL,31-12-2022,514.27,501.11,523.96,5.57,15.13,16.32,51.99,51.99,68.31,83.44,89.01,73.88,11.09,632.2,,512.1,46870080,2400.216797,50.825601,10.075631,769,2592.136797,18.37,1.564982,-0.32408738057560427
Skipper Ltd.,Other ferrous metal products,INE439E01022,SKIPPER,31-12-2022,446.07,444.85,538.23,25.75,11.36,2.32,7.11,7.11,9.43,20.79,46.54,35.18,0.69,422.25,,108.75,102670212,1116.538556,2.582054,42.117637,571,1690.078555,12.27,1.725103,-0.25482541344281856
Sobha Ltd.,Housing construction,INE671H01015,SOBHA,31-12-2022,919.0,890.5,1388.3,62.4,16.9,5.5,36.6,36.6,42.1,59.0,121.4,104.5,3.86,1460.35,,597.4,94845853,5666.091258,6.241707,95.711001,338,8014.881258,83.37,1.424333,-0.2017080929626154
Solar Industries India Ltd.,Other chemical products,INE343H01029,SOLARINDS,31-12-2022,1081.03,1058.69,981.56,9.11,14.41,38.74,115.56,115.56,154.3,168.71,177.82,163.41,12.77,11911.4,,4004.4,90490055,36235.837624,41.470856,96.559378,796,36368.637624,37.65,0.72329,-0.24540235502819857
Solara Active Pharma Sciences Ltd.,Drugs & pharmaceuticals,INE624Z01016,SOLARA,31-12-2022,401.63,394.75,405.46,23.64,27.89,0.22,0.42,0.42,0.64,28.53,52.17,24.17,0.12,572.15,,409.9,35996267,1475.486984,-3.814284,30.7236545,650,2466.416984,39.53,1.022646,-0.19195911292555537
Somany Ceramics Ltd.,Wholesale trading,INE355A01028,SOMANYCERA,31-12-2022,623.64,616.77,617.1,1.86,10.36,5.97,17.42,17.42,23.39,33.75,35.61,25.25,4.1,418.55,,541.6,42474208,2300.403105,16.857289,32.128535,392,2240.233105,116.56,1.361251,-0.23739051576619835
Sona B L W Precision Forgings Ltd.,Other automobile ancillaries,INE073K01018,SONACOMS,31-12-2022,628.77,616.27,514.37,4.87,44.14,27.85,95.59,95.59,123.44,167.58,172.45,128.31,1.63,497.1,,449.85,585404582,26334.425121,5.679149,79.210808,1817,26435.865121,38.68,1.062201,-0.25847999501499275
Sonata Software Ltd.,Computer software,INE269A01021,SONATSOFTW,31-12-2022,276.79,233.17,212.1,1.73,4.86,10.54,64.69,64.69,75.23,80.09,81.82,76.96,2.33,344.75,,606.75,140212408,8507.387855,14.362495,42.245446,1299,8199.317855,29.01,1.153431,-0.22129977102466347
South Indian Bank Ltd.,Banking services,INE683A01023,SOUTHBANK,31-12-2022,1898.27,1898.27,1795.52,1073.12,13.67,59.06,102.75,102.75,161.81,161.81,1234.93,1234.93,0.49,40.0,,18.0,2092741018,3766.933832,2.913308,6.178543,4099,-4141.986168,18.44,1.337566,0.17737526706292647
Southern Petrochemical Inds. Corpn. Ltd.,Fertilisers,INE147A01011,SPIC,31-12-2022,707.81,698.62,648.72,10.62,10.78,13.14,85.18,85.18,85.18,95.96,106.58,95.8,4.04,77.39,,74.5,203640336,1517.120503,12.519131,5.950892,1407,1815.210503,10.11,1.497287,-0.2984772216688546
Spandana Sphoorty Financial Ltd.,Other fund based financial services,INE572J01011,SPANDANA,31-12-2022,355.43,331.68,286.16,118.1,2.51,24.55,69.27,69.27,93.82,96.33,214.43,203.45,9.76,264.9,,571.15,70983269,4054.209409,-14.054016,30.7236545,376,6777.279409,33.67,1.203412,-0.23981065613779393
Speciality Restaurants Ltd.,Hotels & restaurants,INE247M01014,SPECIALITY,31-12-2022,105.84,103.71,90.89,3.55,8.4,13.14,14.95,14.95,14.95,23.35,26.9,18.23,3.18,115.15,,251.05,46957657,1178.871979,9.523473,26.36118,977,1316.511979,74.95,1.519634,-0.18801789305244987
Spicejet Ltd.,Air transport services,INE285B01017,SPICEJET,31-12-2022,2829.52,2314.6,2723.33,228.99,233.69,13.14,106.82,106.82,106.82,340.51,569.5,335.81,1.77,30.2,,35.45,601845665,2133.542882,-33.032056,30.7236545,1563,10463.952882,-13.84,1.4144,0.3284800751409094
Star Cement Ltd.,Cement,INE460H01021,STARCEMENT,31-12-2022,629.78,623.49,613.31,3.52,20.69,16.99,30.3,30.3,47.29,67.98,71.5,50.81,0.75,215.5,,108.85,404180417,4399.503839,4.204805,25.887048,624,3932.803839,48.83,0.770739,-0.2010629948632316
Star Health & Allied Insurance Co. Ltd.,Insurance services,INE575P01011,STARHEALTH,31-12-2022,3074.36,2867.24,2863.89,6.715,13.67,71.26,39.055,210.47,281.73,281.73,281.73,71.26,3.63,464.95,,500.75,581677348,29127.493201,7.396712,67.698996,3319,5158.883983,22.59,1.191821,0.677920965378867
State Bank Of India,Banking services,INE062A01020,SBIN,31-12-2022,98083.77,86616.04,83878.43,48547.42,13.67,5253.37,14205.34,14205.34,19458.71,19458.71,68006.13,68006.13,15.92,980.15,,553.7,8924611934,494155.762786,39.027501,14.187432,24032,330028.512786,18.44,1.542606,0.17737526706292647
Steel Authority Of India Ltd.,Steel,INE114A01011,SAIL,31-12-2022,25461.04,25041.88,25793.6,640.26,1220.99,171.15,463.54,463.54,634.69,1855.68,2495.94,976.54,1.12,125.9,,90.6,4130525289,37422.559118,6.080583,14.899888,7771,54338.589118,13.6,1.773672,-0.3195550430372759
Steel Exchange India Ltd.,Steel,INE503B01021,STEELXIND,31-12-2022,310.67,307.19,330.93,23.27,5.8,13.14,-25.42,-25.42,-25.42,-19.62,3.65,-2.52,-0.29,7.91,,13.02,943811770,1228.842925,0.808848,16.096973,1111,1698.892925,13.6,1.322492,-0.3195550430372759
Steel Strips Wheels Ltd.,Other automobile ancillaries,INE802C01033,SSWL,31-12-2022,940.48,938.44,965.05,22.02,20.21,23.83,43.77,43.77,67.6,87.81,109.83,89.72,2.8,193.65,,142.2,156513200,2225.617704,12.469236,11.404067,1406,2979.887704,38.68,1.188252,-0.25847999501499275
Sterling & Wilson Renewable Energy Ltd.,Industrial construction,INE00M201021,SWSOLAR,31-12-2022,334.92,292.56,379.91,36.6,2.15,4.6,-44.99,-44.99,-40.39,-38.24,-1.64,-5.86,-2.37,214.15,,286.5,189693333,5434.71399,-13.034723,30.7236545,1822,5446.25399,63.05,1.409583,-0.2658631511792221
Sterling Tools Ltd.,Other ferrous metal products,INE334A01023,STERTOOLS,31-12-2022,151.81,151.33,146.57,2.24,7.67,3.79,10.09,10.09,13.88,21.55,23.79,16.12,2.8,265.8,,335.4,36024211,1208.252037,10.143178,33.066558,1312,1305.652037,12.27,1.283298,-0.25482541344281856
Sterlite Technologies Ltd.,Wires & cables,INE089C01029,STLTECH,31-12-2022,1514.0,1462.0,1371.0,76.0,50.0,32.0,123.0,53.0,85.0,135.0,211.0,231.0,1.34,99.7,,181.55,398420943,7233.33222,4.300979,42.211322,1127,9507.33222,29.86,1.197802,-0.19300179388073796
Stove Kraft Ltd.,Other consumer goods,INE00IN01015,STOVEKRAFT,31-12-2022,324.53,324.53,323.16,4.0,8.33,2.39,7.79,7.79,10.18,18.51,22.51,14.18,2.37,587.45,,511.15,33025195,1688.082842,15.772806,32.407042,639,1842.852842,43.38,1.763023,-0.2617559110787527
Strides Pharma Science Ltd.,Drugs & pharmaceuticals,INE939A01011,STAR,31-12-2022,423.61,386.51,437.09,35.1,22.26,12.81,12.54,12.54,25.35,47.61,82.71,53.1,1.39,930.9,,295.35,90302704,2667.090363,-14.512301,30.7236545,1771,3936.130363,39.53,1.114103,-0.19195911292555537
Stylam Industries Ltd.,"Plastic tubes, pipes, fittings & sheets",INE239C01020,STYLAMIND,31-12-2022,234.19,233.98,208.86,4.08,3.8,7.67,24.01,24.01,31.68,35.48,39.56,35.76,14.17,2170.65,,1115.1,16948060,1889.878171,50.743271,21.975328,87,1968.118171,90.01,1.02209,-0.09096151730246531
Styrenix Performance Materials Ltd.,Polymers,INE189B01011,STYRENIX,31-12-2022,559.64,557.19,535.76,1.3,9.45,10.24,30.2,30.2,40.44,49.89,51.19,41.74,17.18,1966.95,,777.85,17585625,1367.897841,134.325621,5.790779,155,1239.687841,18.93,0.985746,-0.2527023583107275
Subex Ltd.,Computer software,INE754A01055,SUBEXLTD,31-12-2022,70.63,70.19,75.58,0.71,3.29,1.01,-4.95,-4.95,-3.94,-0.65,0.06,-3.23,-0.09,11.9,,34.35,562002935,1930.480082,-0.404268,30.7236545,2661,1922.310082,29.01,1.17942,-0.22129977102466347
Subros Ltd.,Other automobile ancillaries,INE287B01021,SUBROS,31-12-2022,663.0,654.6,662.5,1.59,28.19,4.03,8.19,8.19,12.22,40.41,42.0,13.81,1.25,867.65,,300.55,65235750,1960.660466,6.317088,47.577298,249,1910.580466,38.68,1.378524,-0.25847999501499275
Sudarshan Chemical Inds. Ltd.,Dyes & pigments,INE659A01023,SUDARSCHEM,31-12-2022,467.91,465.27,458.94,18.57,30.12,0.32,1.36,1.36,1.68,31.8,50.37,18.64,0.2,970.6,,385.45,69227250,2668.364351,5.180041,74.410607,307,3411.694351,75.2,1.02316,-0.25141337692746524
Sula Vineyards Ltd.,Alcoholic beverages,INE142Q01026,SULA,31-12-2022,182.0,180.35,108.71,5.35,5.96,13.36,39.23,39.23,52.59,58.55,63.9,57.94,4.7,212.7,,377.95,84198748,3182.291681,9.963331,37.9341,1331,3398.501681,58.85,1.587467,-0.20907155538278388
Sumitomo Chemical India Ltd.,Pesticides,INE258G01013,SUMICHEM,31-12-2022,766.52,752.98,601.73,1.31,11.39,30.79,90.61,90.61,121.4,132.79,134.1,122.34,1.82,443.15,,454.45,499145736,22683.677973,10.134916,44.840037,1048,22503.157973,30.43,0.931199,-0.2787880162986381
Sun Pharma Advanced Research Co. Ltd.,Business services & consultancy,INE232I01014,SPARC,31-12-2022,131.12,131.09,120.97,2.93,3.13,13.14,10.15,10.15,10.15,13.28,16.21,13.08,0.35,144.35,,200.15,324521588,6495.299584,-6.672592,30.7236545,613,6573.299584,60.13,1.227637,-0.22231802174705587
Sun Pharmaceutical Inds. Ltd.,Drugs & pharmaceuticals,INE044A01036,SUNPHARMA,31-12-2022,4720.38,4645.75,4243.31,130.89,430.44,19.35,486.73,486.73,506.08,936.52,1067.41,636.97,2.0,1745.1,,1035.0,2399334970,248331.169395,10.673958,96.964971,4919,252644.499395,39.53,0.782352,-0.19195911292555537
Sun T V Network Ltd.,Media-broadcasting,INE424H01027,SUNTV,31-12-2022,951.71,857.51,535.39,1.14,109.22,140.59,416.32,416.32,556.91,666.13,667.27,558.05,10.56,543.35,,462.5,394084620,18226.413675,43.578204,10.613104,2195,17358.433675,18.65,1.275341,-0.31204317365713524
Sundaram Finance Ltd.,Auto finance services,INE660A01013,SUNDARMFIN,31-12-2022,1010.96,1000.52,768.28,458.04,25.19,76.44,242.68,242.68,319.12,344.31,802.35,769.0,21.84,4938.55,,2274.35,111103860,25268.906399,92.86266,24.491545,238,52830.596399,16.83,0.833291,0.0660963646069473
Sundram Fasteners Ltd.,Other automobile ancillaries,INE387A01021,SUNDRMFAST,31-12-2022,1236.18,1226.87,1134.17,6.27,39.88,35.92,106.13,106.13,142.05,181.93,188.2,148.32,5.05,941.1,,984.25,210128370,20681.884817,21.434992,45.917908,934,21097.814817,38.68,1.081458,-0.25847999501499275
Sundrop Brands Ltd.,Vegetable oils & products,INE209A01019,SUNDROP,31-12-2022,224.61,224.47,223.56,0.58,5.41,2.34,6.77,6.77,9.11,14.52,15.1,9.69,2.82,707.25,,909.65,24369264,2216.7501,5.035031,180.66423,95,2264.8301,51.57,0.951338,-0.1258329722967099
Sunflag Iron & Steel Co. Ltd.,Steel,INE947A01014,SUNFLAG,31-12-2022,872.58,869.42,777.07,21.8,19.76,19.07,59.15,59.15,78.22,97.98,119.78,100.02,3.28,260.9,,136.65,180219448,2462.698757,-4.731454,30.7236545,3144,2966.528757,13.6,1.594977,-0.3195550430372759
Sunteck Realty Ltd.,Housing construction,INE805D01034,SUNTECK,31-12-2022,60.68,47.76,78.04,11.84,1.05,2.99,7.01,7.01,10.0,11.05,22.89,21.84,0.48,392.65,,364.35,146463848,5336.410302,0.151573,2403.788424,2784,5744.180302,83.37,1.342386,-0.2017080929626154
Suprajit Engineering Ltd.,Other automobile ancillaries,INE399C01030,SUPRAJIT,31-12-2022,382.34,368.34,335.89,4.73,7.37,16.56,54.5,54.5,71.06,78.43,83.16,75.79,3.94,465.05,,323.4,138391453,4475.57959,13.997252,23.104536,571,4443.64959,38.68,1.02608,-0.25847999501499275
Supreme Industries Ltd.,"Plastic tubes, pipes, fittings & sheets",INE195A01028,SUPREMEIND,31-12-2022,2330.6,2310.73,2134.9,1.15,64.76,63.29,194.08,194.08,257.37,322.13,323.28,258.52,15.28,3362.0,,2525.75,127026870,32083.81169,54.834068,46.061693,1617,29355.11169,90.01,0.900911,-0.09096151730246531
Supreme Petrochem Ltd.,Polymers,INE663A01033,SPLPETRO,31-12-2022,1194.57,1180.38,1095.3,0.96,11.02,31.59,89.85,89.85,121.44,132.46,133.42,122.4,4.78,626.0,,387.4,188041342,7284.721589,30.035416,12.898107,844,6819.191589,18.93,0.791797,-0.2527023583107275
Supriya Lifescience Ltd.,Drugs & pharmaceuticals,INE07RO01027,SUPRIYA,31-12-2022,107.7,105.14,101.55,1.01,2.95,3.13,9.52,9.52,12.65,15.6,16.61,13.66,1.18,737.3,,215.1,80482800,1731.185028,12.142967,17.713957,566,1533.675028,39.53,1.428581,-0.19195911292555537
Surya Roshni Ltd.,Steel,INE335A01020,SURYAROSNI,31-12-2022,2022.0,2021.13,1903.13,11.15,29.84,33.0,89.64,89.64,122.64,152.48,163.63,133.79,16.76,266.95,,644.2,54408974,3505.026105,48.894508,13.175304,2260,4097.326105,12.27,1.698829,-0.3195550430372759
Suryoday Small Finance Bank Ltd.,Banking services,INE428Q01011,SURYODAY,31-12-2022,317.4,291.75,299.35,108.3,13.67,5.52,18.05,18.05,23.57,23.57,131.87,131.87,1.7,134.15,,107.75,106158749,1143.86052,1.160526,92.845821,630,2717.51052,18.44,0.77184,0.17737526706292647
Suven Life Sciences Ltd.,Other fund based financial services,INE495B01038,SUVEN,31-12-2022,5.2,3.0,11.83,0.06,1.67,13.14,-6.63,-6.63,-6.63,-4.96,-4.9,-6.57,-0.35,170.85,,61.8,218073717,1347.695571,-1.654028,30.7236545,373,1347.745571,60.13,1.535805,-0.23981065613779393
Suzlon Energy Ltd.,Boilers & turbines,INE040H01021,SUZLON,31-12-2022,958.12,910.77,863.61,123.76,40.12,13.14,-88.24,-88.24,-88.24,-48.12,75.64,35.52,-0.08,52.59,,9.8,12473087083,12223.625341,-0.418204,30.7236545,14930,16141.775341,-21.11,1.214202,-0.12183226043480944
Swan Energy Ltd.,Cloth,INE665A01038,SWANCORP,31-12-2022,92.96,92.6,93.91,4.85,1.98,0.13,0.45,0.45,0.58,2.56,7.41,5.43,0.02,468.1,,330.7,263917000,8727.73519,0.41263,801.444921,1496,8826.07519,116.56,0.488333,-0.32408738057560427
Swaraj Engines Ltd.,Engines,INE277A01016,SWARAJENG,31-12-2022,281.7,278.93,261.27,0.02,4.59,8.0,23.23,23.23,31.23,35.82,35.84,31.25,19.13,3616.55,,1657.6,12144466,2013.066684,99.073932,16.73094,221,1894.256684,34.43,0.873048,-0.25261377535247476
Symphony Ltd.,Wholesale trading,INE225D01027,SYMPHONY,31-12-2022,236.0,223.0,233.0,6.715,1.0,16.0,52.0,52.0,68.0,69.0,69.0,68.0,7.35,840.1,,960.75,69957000,6721.118775,23.65739,40.61099,777,6550.558775,116.56,1.039627,-0.23739051576619835
Syngene International Ltd.,Drugs & pharmaceuticals,INE398R01022,SYNGENE,31-12-2022,803.8,786.6,705.7,29.3,94.6,29.8,109.5,109.5,139.3,233.9,263.2,168.6,2.73,654.25,,563.7,401434500,22628.862765,10.7913,52.236525,2131,22912.362765,39.53,0.553024,-0.19195911292555537
Syrma S G S Technology Ltd.,Other electronics,INE0DYJ01015,SYRMA,31-12-2022,289.06,276.46,268.37,3.77,4.36,5.15,15.65,15.65,20.8,25.16,28.93,24.57,0.89,729.3,,256.35,176777842,4531.69998,1.824324,140.517829,1687,4660.41998,48.08,0.964036,-0.11779069539848289
T A R C Ltd.,Other fund based financial services,INE0EK901012,TARC,31-12-2022,106.21,87.07,100.44,23.63,0.5,-1.85,5.77,5.77,3.92,4.42,28.05,27.55,0.2,147.05,,41.85,295096335,1234.978162,-10.64737,30.7236545,747,2142.418162,83.37,0.91273,-0.23981065613779393
T C I Express Ltd.,Road transport services,INE586V01016,TCIEXP,31-12-2022,315.72,314.42,283.7,0.44,4.29,10.63,32.02,32.02,42.65,46.94,47.38,43.09,8.32,581.1,,1739.75,38325025,6667.596224,35.652945,48.796811,1089,6563.906224,38.39,1.126776,-0.1999541833304146
T C N S Clothing Co. Ltd. [Merged],Readymade garments,INE778U01029,TCNSBRANDS,31-12-2022,309.94,306.14,341.17,13.37,29.42,0.21,0.5,0.5,0.71,30.13,43.5,14.08,0.08,583.9,,483.85,61718168,2986.233559,-2.782001,30.7236545,184,3388.873559,42.45,0.75282,-0.28546545647070276
T C P L Packaging Ltd.,Plastic films & flexible packaging,INE822C01015,TCPLPACK,31-12-2022,369.42,366.4,341.39,11.25,15.05,10.21,26.85,26.85,37.06,52.11,63.36,48.31,29.51,2947.9,,1337.65,9100000,1217.2615,92.153846,14.515401,234,1580.9715,7.64,1.14308,-0.3348941152618447
T D Power Systems Ltd.,"Generators, transformers & switchgears",INE419M01027,TDPOWERSYS,31-12-2022,202.16,198.66,178.99,6.715,4.68,7.85,19.84,19.84,27.69,32.37,32.37,27.69,1.28,715.9,,131.15,156042635,2046.499158,5.144748,25.492017,729,1976.989158,78.35,1.166925,-0.19481232573431395
T G V Sraac Ltd.,Caustic soda,INE284B01028,SREERAYALK,31-12-2022,592.87,591.66,507.71,5.29,18.6,31.21,87.77,87.63,118.8,137.4,142.69,125.74,8.19,114.2,,112.5,107089800,1204.76025,37.200555,3.024148,1830,1614.36025,7.56,1.650319,-0.3237664354271137
T T K Healthcare Ltd.,Wholesale trading,INE910C01018,TTKHLTCARE,31-12-2022,194.35,182.56,187.62,0.78,3.21,4.23,12.0,12.0,16.23,19.44,20.22,17.01,8.49,1040.6,,984.65,14130333,1391.343239,431.928957,2.279657,82,1124.943239,116.56,0.884057,-0.23739051576619835
T T K Prestige Ltd.,Other domestic appliances,INE690A01028,TTKPRESTIG,31-12-2022,665.12,652.11,608.44,1.69,11.75,19.67,57.48,57.48,77.15,88.9,90.59,78.84,4.15,614.05,,781.05,138614020,10826.448032,20.195648,38.674173,2245,10489.658032,57.9,0.860834,-0.11111556716704424
T V S Holdings Ltd.,Diversified,INE105A01035,TVSHLTD,31-12-2022,526.76,503.49,481.54,11.45,24.64,14.14,34.18,34.18,48.32,72.96,84.41,38.46,16.89,14567.05,,4719.0,20232085,9547.520911,113.923009,41.422712,214,7914.420911,20.25,0.797536,-0.18790891179554034
T V S Motor Co. Ltd.,Two & three wheelers,INE494B01023,TVSMOTOR,31-12-2022,6551.91,6545.42,6239.22,31.63,158.32,122.72,352.75,352.75,475.47,633.79,665.42,507.1,7.42,3666.7,,1037.25,475087114,49278.4109,28.472252,36.430206,1228,50838.5709,25.13,1.196353,0.5446855727983667
T V S Srichakra Ltd.,Tyres & tubes,INE421C01016,TVSSRICHAK,31-12-2022,699.56,699.43,703.59,10.11,23.02,4.87,15.96,15.96,20.83,43.85,53.96,30.94,20.84,4229.05,,3304.1,7657050,2529.96589,71.163176,46.429912,184,3119.31589,47.38,1.1746,-0.16493441179989252
T V Today Network Ltd.,Media-broadcasting,INE038F01029,TVTODAY,31-12-2022,244.3,231.31,216.52,0.72,10.31,10.39,27.78,27.78,38.17,48.48,49.2,38.89,4.66,134.25,,247.7,59668615,1477.991594,18.525652,13.370649,185,666.441594,18.65,0.870799,-0.31204317365713524
Taj G V K Hotels & Resorts Ltd.,Hotels & restaurants,INE586B01026,TAJGVK,31-12-2022,105.56,105.41,88.24,3.81,3.63,8.5,17.32,17.32,25.82,29.45,33.26,29.63,2.76,379.8,,188.95,62701495,1184.744748,10.860985,17.397133,791,1364.854748,74.95,1.232732,-0.18801789305244987
Tamil Nadu Newsprint & Papers Ltd.,Paper & newsprint,INE107A01015,TNPL,31-12-2022,1263.19,1248.57,1256.03,55.6,71.04,61.22,112.9,112.9,174.12,245.16,300.76,229.72,16.31,142.9,,239.05,69210600,1654.479393,44.617443,5.35777,515,3879.769393,15.79,1.2132,-0.3489624638386909
Tamilnad Mercantile Bank Ltd.,Banking services,INE668A01016,TMB,31-12-2022,1172.88,1012.12,893.18,477.85,13.67,92.18,279.7,279.7,371.88,371.88,849.73,849.73,17.66,509.3,,469.7,158351454,7437.767794,61.150054,7.681105,951,3585.757794,18.44,1.126321,0.17737526706292647
Tanla Platforms Ltd.,Computer software,INE483C01032,TANLA,31-12-2022,290.13,286.03,271.09,0.02,1.76,6.22,19.04,19.04,25.26,27.02,27.04,25.28,1.4,536.3,,647.0,134400357,8695.703098,13.874219,46.633255,1044,8496.553098,29.01,1.1318,-0.22129977102466347
Tarsons Products Ltd.,"Plastic furniture, floorings & miscellaneous items",INE144Z01023,TARSONS,31-12-2022,64.68,61.32,54.6,1.23,7.21,5.47,16.12,16.12,21.59,28.8,30.03,22.82,3.03,230.7,,691.05,53206281,3676.820049,16.407837,42.117068,1277,3621.050049,52.52,1.629321,-0.21696835575475118
Tasty Bite Eatables Ltd.,Processed foods,INE488B01017,TASTYBITE,31-12-2022,108.82,105.48,97.59,2.61,6.83,1.42,3.77,3.77,5.19,12.02,14.63,7.8,14.69,8031.4,,10148.1,2566000,2604.00246,104.520655,97.091814,45,2737.97246,67.56,0.977555,-0.13872794997574678
Tata Chemicals Ltd.,Diversified manufacturing,INE092A01019,TATACHEM,31-12-2022,1244.0,1218.0,1151.0,4.0,62.0,54.0,190.0,190.0,244.0,306.0,310.0,248.0,7.46,761.2,,973.1,254756278,24790.333412,35.838175,27.152611,1509,17473.333412,34.93,1.049398,-0.2730534186329821
Tata Coffee Ltd. [Merged],Coffee,INE493A01027,TATACOFFEE,31-12-2022,295.46,273.04,258.8,3.86,6.54,7.73,26.61,26.61,34.34,40.88,44.74,38.2,1.42,344.8,,212.75,186770370,3973.539622,3.498414,60.813279,585,3946.049622,43.72,1.365171,-0.16837714382420763
Tata Communications Ltd.,Telecommunication services,INE151A01013,TATACOMM,31-12-2022,1918.86,1843.54,1709.91,21.31,236.99,69.29,208.95,208.95,278.24,515.23,536.54,299.55,7.33,1824.95,,1232.95,285000000,35139.075,31.198596,39.519406,2663,35987.225,-19.34,1.124651,-0.01775097677186995
Tata Consultancy Services Ltd.,Computer software,INE467B01029,TCS,31-12-2022,50833.0,49275.0,40174.0,136.0,996.0,3283.0,10659.0,10659.0,13942.0,14938.0,15074.0,14078.0,29.13,3282.6,,3357.45,3659051373,1228508.203228,104.106218,32.250235,10257,1186022.203228,29.01,0.607185,-0.22129977102466347
Tata Consumer Products Ltd.,Tea,INE192A01025,TATACONSUM,31-12-2022,2196.73,2153.31,2025.96,7.33,36.55,82.37,237.26,237.26,319.63,356.18,363.51,334.96,2.56,1183.55,,729.4,929011650,67762.109751,10.046806,72.600186,1812,64322.539751,110.09,1.040855,0.838760333515242
Tata Elxsi Ltd.,Computer software,INE670A01012,TATAELXSI,31-12-2022,836.88,817.74,643.3,4.47,21.43,45.42,194.68,194.68,240.1,261.53,266.0,244.57,31.26,5412.3,,6631.3,62276440,41297.375657,115.522018,57.40291,1728,40362.685657,29.01,1.221295,-0.22129977102466347
Tata Investment Corpn. Ltd.,Other fund based financial services,INE672A01026,TATAINVEST,31-12-2022,24.74,24.71,9.89,0.02,0.26,3.64,14.85,14.85,18.49,18.75,18.77,18.51,2.94,708.85,,2128.85,50595296,10770.979589,47.978769,44.370668,451,10764.849589,33.67,0.89915,-0.23981065613779393
Tata Metaliks Ltd. [Merged],Steel pipes & tubes,INE056C01010,TATAMETALI,31-12-2022,792.43,790.23,784.27,10.02,18.67,2.77,9.48,9.48,12.25,30.92,40.94,22.27,3.01,1111.05,,836.35,31577500,2640.984213,12.860423,65.032854,581,2662.514213,31.67,1.326696,-0.2615999515821926
Tata Motors Passenger Vehicles Ltd.,Commercial vehicles,INE155A01022,TMPV,31-12-2022,15967.16,15793.98,15526.22,570.11,430.18,54.03,506.19,506.19,560.22,990.4,1560.51,1130.33,1.31,352.75,,452.15,3321321065,150173.531954,-0.1721,30.7236545,17112,169935.131954,121.56,1.885774,0.05533662095510988
Tata Power Co. Ltd.,Conventional electricity,INE245A01021,TATAPOWER,31-12-2022,7026.42,5296.17,5522.08,538.81,288.65,496.7,1504.34,1504.34,2001.04,2289.69,2828.5,2539.85,4.24,380.5,,212.9,3195339547,68028.778956,10.618746,20.049448,28249,92760.558956,12.17,1.436083,-0.03716679162073462
Tata Steel Long Products Ltd. [Merged],Steel,INE674A01014,TATASTLLP,31-12-2022,1952.41,1790.41,2224.79,350.11,89.2,25.38,-236.93,-236.93,-211.55,-122.35,227.76,140.21,-52.53,829.45,,708.65,45100000,3196.0115,-197.780488,30.7236545,286,12120.7515,13.6,1.608953,-0.3195550430372759
Tata Steel Ltd.,Steel,INE081A01020,TATASTEEL,31-12-2022,34655.44,33929.37,31891.21,1117.26,1503.11,869.24,2363.51,2363.51,3232.75,4735.86,5853.12,4351.66,1.89,168.65,,119.65,12223453300,146253.618734,15.264189,7.838608,11222,172766.028734,13.6,1.325421,-0.3195550430372759
Tata Teleservices (Maharashtra) Ltd.,Telecommunication services,INE517B01013,TTML,31-12-2022,287.51,281.9,567.3,373.68,37.71,13.14,-279.79,-279.79,-279.79,-242.08,131.6,93.89,-1.43,49.81,,79.35,1954927727,15512.351514,-5.913774,30.7236545,5150,35526.951514,-19.34,1.398856,-0.01775097677186995
Tatva Chintan Pharma Chem Ltd.,Inorganic chemicals,INE0GK401011,TATVA,31-12-2022,114.61,113.54,96.35,2.38,2.38,2.6,10.56,10.56,13.16,15.54,17.92,15.54,4.76,1400.6,,2074.5,22165062,4598.142112,19.359296,107.157821,41,4583.592112,39.65,1.041223,-0.17966830745747447
Teamlease Services Ltd.,Business services & consultancy,INE985S01024,TEAMLEASE,31-12-2022,1773.23,1761.16,1747.29,1.45,6.44,-0.2,25.94,25.94,25.74,32.18,33.63,27.19,15.18,1603.55,,2304.1,17096769,3939.266545,61.210396,37.642299,344,3728.486545,60.13,0.771456,-0.22231802174705587
Tech Mahindra Ltd.,Computer software,INE669C01036,TECHM,31-12-2022,11376.3,10987.6,10171.9,58.5,195.2,325.5,1204.4,1204.4,1529.9,1725.1,1783.6,1568.3,12.34,1612.9,,1015.3,973849213,98874.910596,48.21383,21.058273,13494,96905.310596,29.01,0.71624,-0.22129977102466347
Techno Electric & Engg. Co. Ltd.,Industrial construction,INE285K01026,TECHNOE,31-12-2022,204.96,185.26,178.64,1.63,1.83,8.18,31.46,31.32,40.83,42.66,44.29,41.27,2.87,1090.8,,353.1,107619019,3800.027561,13.249517,26.650028,1303,3743.097561,63.05,0.78629,-0.2658631511792221
Technocraft Industries (India) Ltd.,Diversified manufacturing,INE545H01011,TIIL,31-12-2022,451.76,427.64,406.97,6.41,12.72,16.46,46.86,46.86,63.32,76.04,82.45,69.73,19.16,2262.8,,929.3,22961687,2133.829573,90.328729,10.287978,25,2445.339573,116.56,1.193965,-0.2730534186329821
Tega Industries Ltd.,Rubber products,INE011K01018,TEGA,31-12-2022,195.66,185.94,154.89,3.02,4.67,10.7,34.91,34.91,45.61,50.28,53.3,48.63,5.27,1955.45,,609.3,66293149,4039.241569,17.054553,35.726531,1257,4186.621569,40.38,1.737484,-0.13076510935331015
Tejas Networks Ltd.,Communication equipment,INE010J01012,TEJASNET,31-12-2022,285.93,253.29,283.09,1.43,28.13,6.26,5.39,5.39,11.65,39.78,41.21,0.18,0.35,448.9,,566.85,152783972,8660.559453,-4.023328,30.7236545,2640,7583.299453,32.45,1.587467,-0.14405235238570346
Texmaco Rail & Engg. Ltd.,Other transport equipment & ancillaries,INE621L01012,TEXRAIL,31-12-2022,632.21,624.89,608.58,31.85,8.82,10.52,11.3,11.3,21.82,30.64,62.49,53.67,0.35,129.35,,56.35,321869895,1813.736858,0.206295,273.153141,2835,2463.876858,22.75,1.457064,-0.21305884132194208
Thangamayil Jewellery Ltd.,Gems & jewellery,INE085J01014,THANGAMAYL,31-12-2022,744.5,744.5,703.74,8.66,2.29,4.84,13.77,13.77,18.61,20.9,29.56,27.27,5.02,3335.3,,1054.95,13719582,1447.347303,41.320501,25.53091,67,1855.247303,72.03,1.126321,-0.24549709367323447
Themis Medicare Ltd.,Drugs & pharmaceuticals,INE083B01024,THEMISMED,31-12-2022,94.68,88.78,85.2,2.23,2.67,4.19,12.08,12.08,16.27,18.94,21.17,18.5,1.31,102.2,,1269.6,9202770,1168.383679,48.365872,26.249914,178,1088.633679,39.53,1.395796,-0.19195911292555537
Thermax Ltd.,Boilers & turbines,INE152A01029,THERMAX,31-12-2022,1367.77,1330.73,1271.69,4.59,18.68,22.02,90.01,90.01,112.03,130.71,135.3,116.62,7.55,2870.25,,1924.8,119156300,22935.204624,21.146175,91.023553,733,21422.804624,-21.11,0.737439,-0.12183226043480944
Thirumalai Chemicals Ltd.,Organic chemicals,INE338A01024,TIRUMALCHM,31-12-2022,461.99,454.39,463.27,10.61,7.68,6.08,17.6,17.6,23.68,31.36,41.97,34.29,1.72,230.05,,179.65,102388120,1839.402576,13.373622,13.43316,556,1656.122576,41.8,1.761853,-0.1787325857282407
Thomas Cook (India) Ltd.,Tourism,INE332A01027,THOMASCOOK,31-12-2022,363.39,333.63,375.07,9.95,5.94,5.28,-11.68,-11.68,-6.4,-0.46,9.49,3.55,-0.25,143.1,,71.45,470380562,3360.869115,-0.610782,30.7236545,1006,3202.829115,-205.27,1.564187,-0.25578108593341203
Thyrocare Technologies Ltd.,Health services,INE594H01019,THYROCARE,31-12-2022,118.44,117.17,105.41,0.59,9.01,4.95,12.63,12.63,17.58,26.59,27.18,18.17,2.38,436.8,,556.35,52930043,2944.762942,12.210457,45.563406,1338,2865.412942,69.86,0.498843,-0.1320225855676107
Tilaknagar Industries Ltd.,Alcoholic beverages,INE133E01013,TI,31-12-2022,355.41,303.3,301.61,9.02,7.78,13.14,75.61,75.61,75.61,83.39,92.41,33.3,4.36,461.55,,115.7,185236920,2143.191164,2.023895,57.167009,802,2647.451164,58.85,0.367011,-0.20907155538278388
Time Technoplast Ltd.,Plastic packaging goods,INE508G01029,TIMETECHNO,31-12-2022,563.94,563.94,541.98,13.54,26.64,10.0,29.39,29.39,39.39,66.03,79.57,52.93,1.3,184.1,,84.85,226146750,1918.855174,4.523169,18.758971,713,2510.005174,32.14,1.646179,-0.2431511669967358
Timex Group India Ltd.,Other consumer goods,INE064A01026,TIMEXWATCH,31-12-2022,84.65,84.64,88.54,1.72,0.91,13.14,-6.69,-6.69,-6.69,-5.78,-4.06,-4.97,-0.84,348.5,,156.5,100950000,1579.8675,2.523031,62.028563,267,1690.7175,43.38,1.361121,-0.2617559110787527
Timken India Ltd.,General purpose machinery,INE325A01013,TIMKEN,31-12-2022,623.81,609.44,605.45,0.53,22.37,24.6,70.56,70.56,95.16,117.53,118.06,95.69,9.39,3034.1,,3122.2,75218734,23484.793129,53.796439,58.037299,539,23498.333129,40.23,0.93139,-0.22094579296060995
Tinplate Co. Of India Ltd. [Merged],Steel,INE422C01014,TINPLATE,31-12-2022,975.03,959.93,956.68,2.63,16.5,12.32,36.38,36.38,48.7,65.2,67.83,51.33,3.48,430.45,,348.15,104667638,3644.003817,18.205245,19.12361,810,3193.163817,13.6,1.754976,-0.3195550430372759
Tips Music Ltd.,Diversified non-financial services,INE716B01029,TIPSMUSIC,31-12-2022,52.23,50.98,32.04,0.07,0.18,6.75,20.19,20.19,26.94,27.12,27.19,27.01,1.56,541.9,,1594.2,12968659,2067.463618,58.84957,27.089408,322,2009.503618,176.5,0.874553,-0.17902845447488475
Titagarh Rail Systems Ltd.,Other transport equipment & ancillaries,INE615H01020,TITAGARH,31-12-2022,776.84,766.4,712.55,23.04,5.42,15.42,39.23,39.23,54.65,60.07,83.11,77.69,3.28,784.95,,228.55,119571089,2732.797239,4.492725,50.871133,3300,2889.787239,22.75,1.61093,-0.21305884132194208
Titan Company Ltd.,Gems & jewellery,INE280A01028,TITAN,31-12-2022,10966.0,10875.0,9145.0,61.0,93.0,316.0,951.0,951.0,1267.0,1360.0,1421.0,1328.0,10.71,3930.3,,2377.45,887786160,211066.720609,34.828207,68.262199,1820,217327.720609,72.03,1.170765,-0.24549709367323447
Torrent Pharmaceuticals Ltd.,Drugs & pharmaceuticals,INE685A01028,TORNTPHARM,31-12-2022,1930.0,1914.0,1665.0,91.0,185.0,108.0,234.0,234.0,342.0,527.0,618.0,433.0,6.78,3800.3,,1521.45,338445440,51492.781469,31.154505,48.835635,1833,54625.631469,39.53,0.529352,-0.19195911292555537
Torrent Power Ltd.,Conventional electricity,INE813H01021,TORNTPOWER,31-12-2022,4961.99,4867.24,4267.05,177.13,265.22,291.17,694.94,694.94,986.11,1251.33,1428.46,1163.24,14.46,1279.0,,449.65,480616784,21610.933693,49.289997,9.122541,1067,29354.833693,12.17,0.846931,-0.03716679162073462
Transport Corporation Of India Ltd.,Transport logistics services,INE688A01022,TCI,31-12-2022,909.72,880.91,814.38,2.19,30.14,10.0,95.34,95.34,105.34,135.48,137.67,107.53,12.31,1034.8,,629.6,77521525,4880.755214,38.731178,16.255638,498,4874.215214,41.66,0.9873,-0.14794687699617792
Trent Ltd.,Retail trading,INE849A01020,TRENT,31-12-2022,2244.64,2171.51,2173.91,88.46,110.62,48.65,160.97,160.97,209.62,320.24,408.7,297.99,4.53,4061.75,,1196.8,355487461,42544.739332,11.290975,105.996162,2456,47052.699332,131.24,1.090275,-0.07458873961639617
Trident Ltd.,Other textiles,INE064C01022,TRIDENT,31-12-2022,1632.24,1618.4,1540.78,18.01,77.72,41.67,142.04,142.04,183.71,261.43,279.44,201.27,0.28,26.96,,34.45,5095955670,17555.567283,0.886114,38.877596,14252,18884.467283,34.41,1.463615,-0.1978037032812153
Triveni Engineering & Inds. Ltd.,Sugar,INE256C01024,TRIVENI,31-12-2022,1494.8,1461.38,1612.95,6.27,23.81,51.25,146.18,146.18,197.43,221.24,227.51,203.7,6.05,374.3,,285.2,241755110,6894.855737,10.598742,26.908854,2312,6950.805737,67.56,1.160323,-0.26522110760151973
Triveni Turbine Ltd.,Boilers & turbines,INE152M01016,TRITURBINE,31-12-2022,304.02,292.87,283.43,0.06,4.71,14.8,43.78,43.78,58.58,63.29,63.35,58.64,1.35,528.5,,271.75,323305484,8785.826528,4.137573,65.678602,2015,8549.796528,-21.11,1.199938,-0.12183226043480944
Tube Investments Of India Ltd.,Steel pipes & tubes,INE974X01010,TIINDIA,31-12-2022,1726.79,1709.69,1578.77,6.0,33.66,54.15,137.71,137.71,191.86,225.52,231.52,197.86,7.14,2636.45,,2608.85,193094028,50375.335495,28.596431,91.229917,608,34332.345495,31.67,1.172867,-0.2615999515821926
Tv18 Broadcast Ltd. [Merged],Media-broadcasting,INE886H01027,TV18BRDCST,31-12-2022,376.09,327.15,344.47,10.34,13.91,6.45,31.62,31.62,38.07,51.98,62.32,30.26,0.18,45.34,,34.05,1714360160,5837.396345,0.178259,191.014278,1410,6484.326345,18.65,1.414439,-0.31204317365713524
U P L Ltd.,Pesticides,INE628A01036,UPL,31-12-2022,4997.0,4652.0,4318.0,201.0,245.0,92.0,323.0,323.0,415.0,660.0,861.0,621.0,4.3,750.85,,757.25,750607641,56839.763615,24.39357,31.043017,2866,56968.763615,30.43,1.30321,-0.2787880162986381
U T I Asset Mgmt. Co. Ltd.,Asset management services (mutual funds),INE094J01016,UTIAMC,31-12-2022,281.03,280.94,172.44,2.46,9.74,38.17,108.59,108.59,146.76,156.5,158.96,149.22,8.52,1133.15,,743.65,126969887,9442.115647,31.851647,23.347301,960,9504.515647,24.98,0.482395,-0.16490924722718592
Uco Bank,Banking services,INE691A01018,UCOBANK,31-12-2022,5450.6,4627.14,4797.63,2675.28,13.67,368.51,652.97,652.97,1021.48,1021.48,3696.76,3696.76,0.55,28.66,,29.65,11955958176,35449.415992,0.038801,764.160724,5300,22809.575992,18.44,1.021935,0.17737526706292647
Uflex Ltd.,Plastic films & flexible packaging,INE516A01017,UFLEX,31-12-2022,1713.43,1704.88,1638.89,44.65,66.11,10.96,49.36,49.36,60.32,126.43,171.08,104.97,6.84,475.05,,543.5,72211486,3924.694264,33.148466,16.395932,255,5472.594264,7.64,1.457687,-0.3348941152618447
Ujjivan Financial Services Ltd. [Merged],Other fund based financial services,INE334L01012,UJJIVAN,31-12-2022,2.18,530.27,1.25,6.715,13.67,0.34,0.93,0.93,1.27,1.27,1.27,1.31,0.08,590.35,,266.35,121678094,3240.896034,0.288466,923.332203,1379,3114.606034,33.67,1.623153,-0.23981065613779393
Ujjivan Small Finance Bank Ltd.,Banking services,INE551W01018,UJJIVANSFB,31-12-2022,1220.76,1081.59,927.57,384.67,13.67,95.95,293.19,293.19,389.14,389.14,773.81,773.59,1.5,54.04,,28.75,1954504681,5619.200958,4.513983,6.369099,1950,5419.560958,18.44,1.187224,0.17737526706292647
Ultratech Cement Ltd.,Cement,INE481G01011,ULTRACEMCO,31-12-2022,15166.23,15008.02,14519.72,193.7,653.53,461.57,994.23,994.23,1455.8,2109.33,2303.03,1649.5,34.48,11497.15,,7089.1,288679445,204647.745355,194.665748,36.416782,1949,214272.265355,48.83,1.070308,-0.2010629948632316
Unichem Laboratories Ltd.,Drugs & pharmaceuticals,INE351A01035,UNICHEMLAB,31-12-2022,267.38,251.95,307.82,1.76,28.64,13.14,-57.12,-57.12,-57.12,-28.48,-26.72,-54.79,-8.11,447.9,,351.7,70405750,2476.170227,-20.380438,30.7236545,2419,2245.380227,39.53,0.698742,-0.19195911292555537
Union Bank Of India,Banking services,INE692A01016,UNIONBANK,31-12-2022,24153.68,20882.86,21908.88,12254.78,13.67,1338.44,2244.8,2244.8,3583.24,3583.24,15838.02,15838.02,3.28,154.05,,78.4,6834747466,53584.420133,10.3266,7.592044,7250,-14736.849867,18.44,1.514698,0.17737526706292647
Uniparts India Ltd.,Other automobile ancillaries,INE244O01017,UNIPARTS,31-12-2022,236.71,235.72,196.15,0.91,6.62,11.29,30.03,30.03,41.32,47.94,48.85,42.05,6.77,483.3,,554.25,45133758,2501.538537,27.679946,20.023521,497,2593.778537,38.68,0.849738,-0.25847999501499275
United Breweries Ltd.,Alcoholic beverages,INE686F01025,UBL,31-12-2022,1624.01,1611.04,1608.74,1.6,50.16,6.88,-2.14,-2.14,4.74,54.9,56.5,39.46,-0.08,1602.7,,1591.2,264405149,42072.147309,18.540486,85.822992,401,41170.027309,58.85,1.007804,-0.20907155538278388
United Foodbrands Ltd.,Hotels & restaurants,INE382M01027,UFBL,31-12-2022,290.71,286.4,288.2,16.55,32.77,0.93,2.51,2.51,3.44,36.21,52.76,17.76,0.64,176.45,,880.15,38973330,3430.23764,-1.521553,30.7236545,1645,3923.40764,74.95,1.004666,-0.18801789305244987
United Spirits Ltd.,Alcoholic beverages,INE854D01024,UNITDSPR,31-12-2022,2808.0,2781.1,2544.4,24.3,63.6,41.8,110.5,110.5,152.3,215.9,240.2,324.0,1.52,1406.2,,768.85,727350853,55922.370333,13.396561,57.391595,1416,56199.670333,58.85,1.101095,-0.20907155538278388
Universal Cables Ltd.,Wires & cables,INE279A01012,UNIVCABLES,31-12-2022,595.15,590.99,543.57,24.06,5.62,4.12,13.44,13.44,17.56,23.18,47.24,41.62,3.87,855.75,,331.2,34695381,1149.111019,17.264546,19.183823,1068,1397.611019,29.86,1.748866,-0.19300179388073796
Uno Minda Ltd.,Other automobile ancillaries,INE405E01023,UNOMINDA,31-12-2022,1822.16,1800.84,1751.33,2.78,61.22,31.21,119.25,119.25,150.46,211.68,214.46,153.24,2.09,1267.1,,488.1,572931494,27964.786222,7.44452,65.565006,2217,28269.216222,38.68,1.205868,-0.25847999501499275
Usha Martin Ltd.,Other ferrous metal products,INE228A01035,USHAMART,31-12-2022,499.98,496.09,443.18,3.43,6.53,17.84,51.88,51.88,69.72,76.25,79.68,73.15,1.7,451.7,,185.8,304741780,5662.102272,7.636629,24.330106,2862,5728.342272,12.27,1.532625,-0.25482541344281856
V A Tech Wabag Ltd.,Industrial machinery,INE956G01038,WABAG,31-12-2022,526.8,518.9,490.4,14.7,1.0,13.0,37.3,37.3,50.3,51.3,66.0,82.1,6.0,1297.7,,317.55,62190428,1974.857041,25.862501,12.278395,1061,2247.397041,43.3,1.539829,-0.22502606240929363
V I P Industries Ltd.,Wholesale trading,INE054A01027,VIPIND,31-12-2022,561.66,513.77,497.42,5.35,14.11,4.03,57.22,57.22,61.25,75.36,80.71,66.6,4.04,363.55,,699.1,141618858,9900.574363,10.237337,68.289242,618,10082.094363,35.94,1.510583,-0.23739051576619835
V R L Logistics Ltd.,Road transport services,INE366I01010,VRLLOG,31-12-2022,686.02,681.53,648.26,15.07,42.11,12.82,37.76,49.2,65.9,108.01,123.08,65.65,5.57,267.75,,534.35,88343495,4720.634655,19.893938,26.859941,1054,5242.724655,38.39,1.159157,-0.1999541833304146
V S T Industries Ltd.,Tobacco products,INE710A01016,VSTIND,31-12-2022,361.78,345.76,294.76,6.715,7.43,24.32,78.98,78.98,103.3,110.73,110.73,103.3,51.15,251.35,,3022.5,15441920,4667.32032,218.852319,13.810683,213,3580.73032,24.16,0.809387,-0.19083888618022943
V S T Tillers Tractors Ltd.,Agricultural machinery,INE764D01017,VSTTILLERS,31-12-2022,222.81,213.69,204.93,0.45,7.04,5.52,19.43,19.43,24.95,31.99,32.44,25.4,22.49,5760.35,,2325.3,8639528,2008.949446,77.133843,30.1463,150,1982.149446,42.42,1.071935,-0.06518307276493251
V-Guard Industries Ltd.,Miscellaneous electrical machinery,INE951I01027,VGUARD,31-12-2022,983.76,977.97,826.65,2.31,15.5,12.72,35.82,35.82,48.54,64.04,66.35,50.85,0.83,330.85,,246.9,432096759,10668.46898,4.999806,49.381915,546,10680.92898,45.43,0.867078,-0.12137950485927937
V-Mart Retail Ltd.,Retail trading,INE665J01013,VMART,31-12-2022,777.58,776.88,607.22,30.7,47.27,6.44,19.97,19.97,26.41,73.68,104.38,57.11,10.11,737.7,,2754.8,19772463,5446.918107,13.958807,197.352105,1278,6314.068107,131.24,1.16971,-0.07458873961639617
Vadilal Industries Ltd.,Dairy products,INE694D01016,VADILALIND,31-12-2022,115.69,109.08,116.02,2.43,4.52,0.17,-9.36,-9.36,-9.19,-4.67,-2.24,-10.0,-13.02,4980.45,,2880.8,7187830,2070.670066,90.625404,31.787996,302,2243.810066,-409.95,1.059705,-0.27220024585594227
Vaibhav Global Ltd.,Gems & jewellery,INE884A01027,VAIBHAVGBL,31-12-2022,141.0,112.98,110.89,1.3,1.83,-0.56,24.68,24.68,24.12,25.95,27.25,25.42,1.5,237.6,,304.7,164955493,5026.193872,6.327767,48.152844,1486,5081.113872,72.03,0.824226,-0.24549709367323447
Vakrangee Ltd.,Computer software,INE051B01021,VAKRANGEE,31-12-2022,41.99,41.89,41.95,6.715,4.01,0.81,-0.2,-0.2,0.61,4.62,4.62,0.61,-0.01,7.82,,26.9,1059499790,2850.054435,-0.923643,30.7236545,3244,2806.414435,29.01,1.279283,-0.22129977102466347
Valiant Organics Ltd.,Organic chemicals,INE565V01010,VALIANTORG,31-12-2022,223.12,217.56,214.79,2.55,6.86,5.99,18.51,18.51,24.5,31.36,33.91,22.15,6.82,263.9,,477.35,27153488,1296.17175,24.217883,19.710641,978,1575.76175,41.8,1.114887,-0.1787325857282407
Valor Estate Ltd.,Other fund based financial services,INE879I01012,DBREALTY,31-12-2022,47.64,1.08,28.76,2.57,0.04,9.47,23.54,23.54,33.01,33.05,35.62,35.68,0.77,118.35,,75.1,343354782,2578.594413,3.349305,22.42256,2056,3108.434413,33.67,1.75351,-0.23981065613779393
Vardhman Special Steels Ltd.,Steel,INE050M01012,VSSL,31-12-2022,414.07,400.63,428.19,4.57,7.08,9.63,28.47,28.47,38.1,45.18,49.75,42.67,7.02,296.25,,317.25,40627414,1288.904709,28.490615,11.135246,816,1419.504709,13.6,1.143041,-0.3195550430372759
Vardhman Textiles Ltd.,Cotton & blended yarn,INE825A01020,VTL,31-12-2022,2361.54,2293.87,2187.88,20.55,97.24,26.25,90.58,90.58,116.83,214.07,234.62,137.38,3.13,452.75,,303.3,289127050,8769.223426,31.491,9.631323,1313,8618.313426,18.07,0.764839,-0.34354770889024955
Varroc Engineering Ltd.,Other automobile ancillaries,INE665L01035,VARROC,31-12-2022,998.13,973.84,1003.77,47.26,48.83,0.94,0.19,0.19,1.13,49.96,97.22,35.09,0.01,635.15,,277.45,152786400,4239.058668,-3.169785,30.7236545,287,5377.178668,38.68,1.880991,-0.25847999501499275
Varun Beverages Ltd.,Processed foods,INE200M01039,VBL,31-12-2022,1617.69,1543.98,1781.49,43.4,146.51,0.61,58.85,58.85,59.46,205.97,249.37,102.77,0.45,469.6,,1147.85,649549620,74558.553132,20.96545,54.7496,10286,78105.093132,67.56,0.781973,-0.13872794997574678
Vedant Fashions Ltd.,Retail trading,INE825V01034,MANYAVAR,31-12-2022,439.4,430.65,291.28,7.18,23.43,50.33,146.94,146.94,197.27,220.7,227.88,204.45,6.05,597.05,,1191.25,242754819,28918.167813,15.63141,76.208738,3084,28976.177813,131.24,1.404536,-0.07458873961639617
Vedanta Ltd.,Other non-ferrous metals & metal products,INE205A01025,VEDL,31-12-2022,20900.0,15832.0,16309.0,1197.0,1040.0,-366.0,4684.0,4684.0,4318.0,5358.0,6555.0,5297.0,12.59,581.8,,332.6,3717199039,123634.040037,16.321429,20.378118,8249,77591.040037,15.76,1.464666,1.5320458796446645
Veedol Corporation Ltd.,"Lubricants, etc.",INE484C01030,VEEDOL,31-12-2022,407.84,391.48,384.31,0.3,2.63,5.88,21.95,21.95,27.83,30.46,30.76,28.13,12.92,1643.65,,982.9,17424000,1712.60496,59.819789,16.431018,397,1569.24496,12.28,0.983689,-0.3310810716453944
Venky'S (India) Ltd.,Diversified manufacturing,INE398A01010,VENKEYS,31-12-2022,1043.64,1035.75,1024.28,4.48,8.87,5.49,16.53,16.53,22.02,30.89,35.37,26.5,11.73,1405.35,,1823.35,14087336,2568.61441,71.539431,25.487343,455,2761.31441,20.22,1.73112,-0.2730534186329821
Venus Pipes & Tubes Ltd.,Steel pipes & tubes,INE0JA001018,VENUSPIPES,31-12-2022,136.42,136.11,117.22,2.26,0.52,3.78,11.28,11.28,15.06,15.58,17.84,17.32,5.77,1195.7,,730.85,20296110,1483.341199,18.786851,38.902208,129,1543.431199,31.67,1.589111,-0.2615999515821926
Veranda Learning Solutions Ltd.,Computer software,INE0IQ001011,VERANDA,31-12-2022,39.7,5.69,23.68,6.715,0.04,0.08,16.02,16.02,16.1,16.14,16.14,16.1,2.68,178.95,,234.0,61572051,1440.785993,1.216461,192.361281,438,1568.175993,29.01,0.608834,-0.22129977102466347
Vesuvius India Ltd.,Refractories,INE386A01023,VESUVIUS,31-12-2022,354.95,348.37,331.32,6.715,8.79,9.68,27.64,27.64,37.32,46.11,46.11,37.32,13.62,461.75,,1628.8,20296080,3305.82551,56.360637,28.899602,55,2737.86551,15.32,0.742627,-0.28559739105305165
Vidhi Specialty Food Ingredients Ltd.,Dyes & pigments,INE632C01026,VIDHIING,31-12-2022,86.47,86.41,75.98,0.88,0.83,3.26,7.68,7.68,10.94,11.77,12.65,11.82,1.53,341.35,,342.8,49945000,1712.1146,8.393233,40.842428,85,1801.0346,75.2,1.130111,-0.25141337692746524
Vijaya Diagnostic Centre Ltd.,Health services,INE043W01024,VIJAYA,31-12-2022,114.69,110.97,98.53,5.53,20.2,5.52,16.16,16.16,21.68,41.88,47.41,27.21,1.58,995.0,,411.85,102069262,4203.722555,7.707511,53.434887,461,4148.332555,69.86,1.050315,-0.1320225855676107
Vinati Organics Ltd.,Organic chemicals,INE410B01037,VINATIORGA,31-12-2022,527.82,516.53,418.84,0.23,16.63,35.46,106.94,106.94,142.4,159.03,159.26,142.63,10.32,1561.35,,1831.3,102782050,18822.476816,40.310541,45.429805,602,18741.546816,41.8,0.884084,-0.1787325857282407
Vindhya Telelinks Ltd.,Infrastructural construction,INE707A01012,VINDHYATEL,31-12-2022,638.92,638.27,667.99,15.95,4.57,11.23,32.91,32.91,44.14,48.71,64.66,59.99,27.77,1395.1,,1616.75,11850863,1915.988276,82.137478,19.683463,617,1519.388276,-7779.86,1.406281,-0.2879215797575277
Vishnu Chemicals Ltd.,Inorganic chemicals,INE270I01022,VISHNU,31-12-2022,303.98,297.43,258.04,7.93,5.23,10.24,31.75,31.75,41.99,47.22,55.15,49.92,5.32,520.05,,281.05,59730100,1678.71446,20.204219,13.910461,284,1994.08446,39.65,1.454371,-0.17966830745747447
Vodafone Idea Ltd.,Telecommunication services,INE669E01016,IDEA,31-12-2022,10576.2,10552.9,18530.2,6310.6,5721.9,13.14,-7954.0,-7954.0,-7954.0,-2232.1,4078.5,-1643.4,-2.44,11.96,,7.07,32118847885,22708.025455,-9.129593,30.7236545,61355,235200.825455,-19.34,1.202242,-0.01775097677186995
Voltamp Transformers Ltd.,"Generators, transformers & switchgears",INE540H01012,VOLTAMP,31-12-2022,371.2,357.47,263.6,0.22,2.51,15.59,50.76,50.76,66.35,68.86,69.08,66.64,50.17,8065.7,,2519.55,10117120,2549.05897,172.687484,14.590229,263,2533.22897,78.35,0.976934,-0.19481232573431395
Voltas Ltd.,Air-conditioners & refrigerators,INE226A01021,VOLTAS,31-12-2022,1456.07,1422.59,1400.38,2.33,10.13,16.5,44.32,44.32,60.82,70.95,73.28,63.15,1.34,1375.4,,802.35,330884740,26548.537114,12.17977,65.875629,1702,25285.557114,87.15,1.08312,-0.026038573553391477
Wardwizard Innovations & Mobility Ltd.,Two & three wheelers,INE945P01024,,31-12-2022,69.83,69.83,66.14,0.48,1.25,1.33,3.43,3.43,4.76,6.01,6.49,5.24,0.14,8.47,,59.5,262052303,1559.211203,0.430067,138.350595,2909,1542.121203,25.13,0.576775,0.5446855727983667
Welspun Corp Ltd.,Steel pipes & tubes,INE191B01025,WELCORP,31-12-2022,1737.53,1729.49,1887.16,57.95,36.47,13.37,23.8,23.8,37.17,73.64,131.59,95.12,0.91,778.2,,210.75,261529395,5511.732,13.915071,15.14545,1788,6080.872,31.67,1.874662,-0.2615999515821926
Welspun Enterprises Ltd.,Industrial construction,INE625G01013,WELENT,31-12-2022,1202.92,668.37,692.0,19.88,2.4,11.96,510.92,510.92,522.88,525.28,545.16,20.0,34.11,510.2,,145.1,149983056,2176.254143,5.382608,26.957192,754,2582.104143,63.05,1.531033,-0.2658631511792221
Welspun Living Ltd.,Other textiles,INE192B01031,WELSPUNLIV,31-12-2022,1419.94,1378.09,1334.48,16.31,64.13,27.2,51.98,51.98,79.18,143.31,159.62,95.49,0.53,135.8,,67.3,988058484,6649.633597,1.315914,51.143159,740,7884.303597,34.41,1.419163,-0.1978037032812153
Wendt (India) Ltd.,Machine tools,INE274C01019,WENDT,31-12-2022,50.87,47.31,39.75,6.715,1.91,3.27,11.45,11.45,14.72,16.63,16.63,14.72,57.23,8141.8,,8203.65,2000000,1640.73,177.45,46.230769,37,1638.82,21.13,1.268025,-0.21408882058364617
West Coast Paper Mills Ltd.,Paper & newsprint,INE976A01021,WSTCSTPAPR,31-12-2022,668.09,660.43,563.18,12.28,30.18,45.89,141.92,141.92,187.81,217.99,230.27,200.09,21.49,407.0,,539.5,66048908,3563.338587,75.849854,7.112736,1375,3974.268587,15.79,1.515597,-0.3489624638386909
Westlife Foodworld Ltd.,Other fund based financial services,INE274F01020,WESTLIFE,31-12-2022,0.2,0.2,0.26,6.715,13.67,13.14,-0.06,-0.06,-0.06,-0.06,-0.06,-0.06,3.42,519.4,,735.6,155920715,11469.527795,-0.036557,30.7236545,2170,11457.117795,33.67,0.735889,-0.23981065613779393
Wheels India Ltd.,Other automobile ancillaries,INE715A01015,WHEELS,31-12-2022,1017.94,1003.97,963.73,24.26,16.86,5.03,15.36,15.36,20.39,37.25,61.51,44.65,6.29,849.6,,559.0,24064558,1345.208792,28.427699,19.66392,349,2181.148792,38.68,1.017355,-0.25847999501499275
Whirlpool Of India Ltd.,Air-conditioners & refrigerators,INE716A01013,WHIRLPOOL,31-12-2022,1211.84,1172.37,1283.83,3.27,38.76,4.91,10.74,10.74,15.65,54.41,57.68,19.75,0.85,924.95,,1391.85,126871830,17658.655659,15.724531,88.514565,2645,16256.235659,87.15,0.643409,-0.026038573553391477
Wipro Ltd.,Computer software,INE075A01022,WIPRO,31-12-2022,17751.2,17078.7,15352.5,174.1,408.1,814.0,2413.1,2413.1,3227.1,3635.2,3809.3,3401.2,4.4,264.35,,398.8,5487128244,218826.674371,22.393863,17.80845,10009,217928.974371,29.01,0.697594,-0.22129977102466347
Wockhardt Ltd.,Drugs & pharmaceuticals,INE049B01025,WOCKPHARMA,31-12-2022,300.0,282.0,357.0,52.0,47.0,13.14,-55.0,-55.0,-55.0,-8.0,44.0,-3.0,-3.81,1410.55,,205.95,144060153,2966.918851,-6.121748,30.7236545,1720,4789.918851,39.53,1.703154,-0.19195911292555537
Wonderla Holidays Ltd.,Other recreational & allied services,INE066O01014,WONDERLA,31-12-2022,117.76,113.85,78.86,0.07,8.54,13.45,38.94,38.94,52.39,60.93,61.0,52.46,6.89,538.65,,343.85,56559167,1944.786957,22.224514,15.471654,156,1899.116957,13.95,1.000576,-0.32132668196509767
Xpro India Ltd.,Plastic films & flexible packaging,INE445C01015,XPROINDIA,31-12-2022,94.6,93.06,90.96,1.58,2.89,3.63,6.48,6.48,10.11,13.0,14.58,10.83,3.66,970.95,,652.25,17720244,1155.802915,32.544699,20.041667,603,1225.392915,7.64,1.329774,-0.3348941152618447
Yasho Industries Ltd.,Other chemical products,INE616Z01012,YASHO,31-12-2022,152.52,148.76,151.38,3.92,5.19,7.08,8.3,8.3,15.38,20.57,24.49,19.3,7.29,1436.75,,1492.7,11399200,1701.558584,55.828479,26.73725,1413,1878.358584,37.65,0.578227,-0.24540235502819857
Yes Bank Ltd.,Banking services,INE528G01035,YESBANK,31-12-2022,6937.8,5871.97,6886.28,3901.35,13.67,17.36,51.52,51.52,68.88,68.88,3970.23,3970.23,0.02,21.7,,17.25,28754395584,49601.332382,0.301237,57.263802,23285,57896.642382,18.44,0.151081,0.17737526706292647
Z F Commercial Vehicle Control Systems India Ltd.,Other automobile ancillaries,INE342J01019,ZFCVINDIA,31-12-2022,901.65,876.06,819.94,1.96,28.05,30.22,85.42,85.42,115.64,143.69,145.65,117.6,45.04,15614.9,,9239.55,18967584,17525.194075,143.718884,64.289046,172,16859.984075,38.68,0.446278,-0.25847999501499275
Zee Entertainment Enterprises Ltd.,Media-broadcasting,INE256A01028,ZEEL,31-12-2022,1947.84,1931.21,1858.38,12.5,51.9,60.04,89.46,89.46,149.5,201.4,213.9,330.97,0.93,90.6,,226.75,960519420,21779.777848,11.291391,20.081672,2425,21213.077848,18.65,1.33385,-0.31204317365713524
Zen Technologies Ltd.,"Computers, peripherals & storage devices",INE251B01027,ZENTEC,31-12-2022,36.84,32.93,45.79,0.45,1.12,3.12,7.58,7.58,10.7,11.82,12.27,9.15,0.95,1365.9,,201.35,79510000,1600.93385,2.403471,83.774665,1966,1611.95385,75.49,1.751713,-0.1288362926552454
Zensar Technologies Ltd.,Computer software,INE520A01027,ZENSARTECH,31-12-2022,473.3,449.6,414.4,4.4,22.2,20.6,58.9,58.9,79.5,101.7,106.1,83.9,2.6,742.0,,230.45,226377644,5216.872806,10.791702,21.354371,2684,4976.672806,29.01,0.902227,-0.22129977102466347
Zydus Lifesciences Ltd.,Drugs & pharmaceuticals,INE010B01027,ZYDUSLIFE,31-12-2022,2223.2,2013.0,1928.6,88.5,121.6,128.9,255.9,255.9,384.8,506.4,594.9,473.3,2.53,919.85,,430.75,1012204139,43600.693287,12.696056,33.92786,569,40103.193287,39.53,0.743713,-0.19195911292555537
Zydus Wellness Ltd.,Vegetable oils & products,INE768C01028,ZYDUSWELL,31-12-2022,67.06,63.72,53.41,0.55,0.74,-0.63,15.03,15.03,14.4,15.14,15.69,14.95,2.36,426.75,,1400.5,63632144,8911.681767,8.054105,173.886474,366,8900.811767,51.57,0.638613,-0.1258329722967099
